source,path_id,type,name
mainData,1,PlayerSettings,
mainData,2,InputManager,
mainData,3,TagManager,
mainData,4,AudioManager,
mainData,5,ScriptMapper,
mainData,6,MonoManager,
mainData,7,GraphicsSettings,
mainData,8,TimeManager,
mainData,9,Unknown (71),
mainData,10,DelayedCallManager,
mainData,11,PhysicsManager,
mainData,12,BuildSettings,
mainData,13,QualitySettings,
mainData,14,ResourceManager,
mainData,15,NetworkManager,
mainData,16,MasterServerInterface,
mainData,17,NavMeshProjectSettings,
mainData,18,GameObject,
mainData,19,GameObject,
mainData,20,GameObject,
mainData,21,Transform,
mainData,22,Transform,
mainData,23,Transform,
mainData,24,Camera,
mainData,25,OcclusionCullingSettings,
mainData,26,GUILayer,
mainData,27,RenderSettings,
mainData,28,FlareLayer,
mainData,29,HaloManager,
mainData,30,LightmapSettings,
mainData,31,NavMeshSettings,
mainData,32,MonoBehaviour,
mainData,33,MonoBehaviour,
resources.assets,1,Texture2D,reflect
resources.assets,2,Texture2D,reflect
resources.assets,3,Texture2D,shadow
resources.assets,4,Shader,Unlit - Transparent Colored (SoftClip)
resources.assets,5,Shader,Unlit - Transparent Colored (Packed) (HardClip)
resources.assets,6,Shader,Unlit - Depth
resources.assets,7,Shader,Unlit - Transparent Colored (Packed) (SoftClip)
resources.assets,8,Shader,
resources.assets,9,Shader,Unlit - Additive Colored
resources.assets,10,Shader,Unlit - Transparent Colored (AlphaClip)
resources.assets,11,Shader,Unlit - Transparent Colored (Packed) (AlphaClip) 
resources.assets,12,Shader,Unlit - Transparent Colored Overlay
resources.assets,13,Shader,
resources.assets,14,Shader,Unlit - Depth Cutout
resources.assets,15,Shader,
resources.assets,16,Shader,
resources.assets,17,Shader,
resources.assets,18,Shader,SysFontUnlitTransparent
resources.assets,19,Shader,Unlit - Transparent Colored (HardClip)
resources.assets,20,Shader,Unlit - Transparent Colored (Packed)
resources.assets,21,Shader,Unlit - Masked Colored
resources.assets,22,GameObject,
resources.assets,23,Transform,
resources.assets,24,AudioListener,
resources.assets,25,MonoBehaviour,
unity default resources,1,Shader,Normal-DiffuseFast
unity default resources,2,Shader,Normal-Bumped
unity default resources,3,Shader,Normal-Glossy
unity default resources,4,Shader,Normal-BumpSpec
unity default resources,5,Shader,Normal-DiffuseDetail
unity default resources,6,Shader,Normal-VertexLit
unity default resources,7,Shader,Normal-Diffuse
unity default resources,8,Shader,Normal-Parallax
unity default resources,9,Shader,Normal-ParallaxSpec
unity default resources,10,Shader,Illumin-Diffuse
unity default resources,11,Shader,Illumin-Bumped
unity default resources,12,Shader,Illumin-Glossy
unity default resources,13,Shader,Illumin-BumpSpec
unity default resources,14,Shader,Illumin-VertexLit
unity default resources,15,Shader,Illumin-Parallax
unity default resources,16,Shader,Illumin-ParallaxSpec
unity default resources,20,Shader,Reflect-Diffuse
unity default resources,21,Shader,Reflect-Bumped
unity default resources,22,Shader,Reflect-Glossy
unity default resources,23,Shader,Reflect-BumpSpec
unity default resources,24,Shader,Reflect-VertexLit
unity default resources,25,Shader,Reflect-BumpNolight
unity default resources,26,Shader,Reflect-BumpVertexLit
unity default resources,27,Shader,Reflect-Parallax
unity default resources,28,Shader,Reflect-ParallaxSpec
unity default resources,30,Shader,Alpha-Diffuse
unity default resources,31,Shader,Alpha-Bumped
unity default resources,32,Shader,Alpha-Glossy
unity default resources,33,Shader,Alpha-BumpSpec
unity default resources,34,Shader,Alpha-VertexLit
unity default resources,35,Shader,Alpha-Parallax
unity default resources,36,Shader,Alpha-ParallaxSpec
unity default resources,50,Shader,AlphaTest-VertexLit
unity default resources,51,Shader,AlphaTest-Diffuse
unity default resources,52,Shader,AlphaTest-Bumped
unity default resources,53,Shader,AlphaTest-Glossy
unity default resources,54,Shader,AlphaTest-BumpSpec
unity default resources,60,Shader,Shadow-ScreenBlur
unity default resources,61,Shader,Camera-DepthTexture
unity default resources,62,Shader,Camera-DepthNormalTexture
unity default resources,63,Shader,Internal-PrePassLighting
unity default resources,64,Shader,Internal-PrePassCollectShadows
unity default resources,65,Shader,Internal-CombineDepthNormals
unity default resources,66,Shader,Internal-BlitCopy
unity default resources,67,Shader,Shadow-ScreenBlurRotated
unity default resources,68,Shader,Internal-Clear
unity default resources,100,Shader,
unity default resources,101,Shader,Flare
unity default resources,102,Shader,Internal-Flare
unity default resources,103,Shader,skybox cubed
unity default resources,104,Shader,Skybox
unity default resources,105,Shader,Internal-Halo
unity default resources,200,Shader,Particle Add
unity default resources,201,Shader,Particle AddMultiply
unity default resources,202,Shader,Particle AddSmooth
unity default resources,203,Shader,Particle Alpha Blend
unity default resources,205,Shader,Particle Multiply
unity default resources,206,Shader,Particle MultiplyDouble
unity default resources,207,Shader,Particle Premultiply Blend
unity default resources,208,Shader,Particle VertexLit Blended
unity default resources,9000,Shader,Internal-GUITextureClip
unity default resources,9001,Shader,Internal-GUITextureClipText
unity default resources,9002,Shader,Internal-GUITexture
unity default resources,9003,Shader,Internal-GUITextureBlit
unity default resources,10001,Texture2D,Soft
unity default resources,10100,Material,
unity default resources,10101,Shader,Font
unity default resources,10102,Font,
unity default resources,10103,Texture2D,Font Texture
unity default resources,10200,Mesh,
unity default resources,10202,Mesh,
unity default resources,10203,Mesh,
unity default resources,10204,Mesh,
unity default resources,10205,Mesh,
unity default resources,10206,Mesh,
unity default resources,10207,Mesh,
unity default resources,10208,Mesh,
unity default resources,10209,Mesh,
unity default resources,10300,Texture2D,Default-Particle
unity default resources,10301,Material,
unity default resources,10302,Material,
unity default resources,10400,Texture2D,UnityWatermark-small
unity default resources,10401,Texture2D,EscToExit_back
unity default resources,10402,Texture2D,EscToExit_Text
unity default resources,10403,Texture2D,UnitySplash
unity default resources,10404,Texture2D,UnitySplash2
unity default resources,10405,Texture2D,UnitySplash3
unity default resources,10406,Texture2D,UnitySplashBack
unity default resources,10407,Texture2D,UnityWatermark-trial
unity default resources,10408,Texture2D,UnityWatermark-beta
unity default resources,10409,Texture2D,UnityWatermark-edu
unity default resources,10410,Texture2D,UnityWatermark-dev
unity default resources,10411,Texture2D,WarningSign
unity default resources,10412,Texture2D,UnityWatermark-DebugFlashPlayer
unity default resources,10413,Texture2D,UnityWatermark-proto
unity default resources,10414,Texture2D,UnityWatermarkPlugin-beta
unity default resources,10500,Shader,VertexLit
unity default resources,10501,Shader,WavingGrass
unity default resources,10502,Shader,WavingGrassBillboard
unity default resources,10503,Shader,AddPass
unity default resources,10505,Shader,FirstPass
unity default resources,10507,Shader,BillboardTree
unity default resources,10512,Shader,AlphaTest-SoftEdgeUnlit
unity default resources,11000,MonoBehaviour,
unity default resources,11001,Texture2D,box
unity default resources,11002,Texture2D,button active
unity default resources,11003,Texture2D,button hover
unity default resources,11004,Texture2D,button on hover
unity default resources,11005,Texture2D,button on
unity default resources,11006,Texture2D,button
unity default resources,11007,Texture2D,horizontal scrollbar thumb
unity default resources,11008,Texture2D,horizontal scrollbar
unity default resources,11009,Texture2D,horizontalslider
unity default resources,11010,Texture2D,slider thumb active
unity default resources,11011,Texture2D,slider thumb
unity default resources,11012,Texture2D,slidert humb hover
unity default resources,11013,Texture2D,toggle active
unity default resources,11014,Texture2D,toggle hover
unity default resources,11015,Texture2D,toggle on hover
unity default resources,11016,Texture2D,toggle on
unity default resources,11017,Texture2D,toggle on active
unity default resources,11018,Texture2D,toggle
unity default resources,11019,Texture2D,vertical scrollbar thumb
unity default resources,11020,Texture2D,vertical scrollbar
unity default resources,11021,Texture2D,verticalslider
unity default resources,11022,Texture2D,window on
unity default resources,11023,Texture2D,window
unity default resources,11024,Texture2D,textfield
unity default resources,11025,Texture2D,textfield on
unity default resources,11026,Texture2D,textfield hover
unity default resources,11998,MonoScript,
unity default resources,11999,MonoScript,
unity default resources,12000,MonoScript,
unity default resources,12001,MonoScript,
sharedassets0.assets,1,PreloadData,
sharedassets0.assets,2,MonoScript,
sharedassets0.assets,3,MonoScript,
sharedassets0.assets,4,MonoScript,
sharedassets0.assets,5,MonoScript,
sharedassets0.assets,6,MonoScript,
sharedassets0.assets,7,MonoScript,
sharedassets0.assets,8,MonoScript,
sharedassets0.assets,9,MonoScript,
sharedassets0.assets,10,MonoScript,
sharedassets0.assets,11,MonoScript,
sharedassets0.assets,12,MonoScript,
sharedassets0.assets,13,MonoScript,
sharedassets0.assets,14,MonoScript,
sharedassets0.assets,15,MonoScript,
sharedassets0.assets,16,MonoScript,
sharedassets0.assets,17,MonoScript,
sharedassets0.assets,18,MonoScript,
sharedassets0.assets,19,MonoScript,
sharedassets0.assets,20,MonoScript,
sharedassets0.assets,21,MonoScript,
sharedassets0.assets,22,MonoScript,
sharedassets0.assets,23,MonoScript,
sharedassets0.assets,24,MonoScript,
sharedassets0.assets,25,MonoScript,
sharedassets0.assets,26,MonoScript,
sharedassets0.assets,27,MonoScript,
sharedassets0.assets,28,MonoScript,
sharedassets0.assets,29,MonoScript,
sharedassets0.assets,30,MonoScript,
sharedassets0.assets,31,MonoScript,
sharedassets0.assets,32,MonoScript,
sharedassets0.assets,33,MonoScript,
sharedassets0.assets,34,MonoScript,
sharedassets0.assets,35,MonoScript,
sharedassets0.assets,36,MonoScript,
sharedassets0.assets,37,MonoScript,
sharedassets0.assets,38,MonoScript,
sharedassets0.assets,39,MonoScript,
sharedassets0.assets,40,MonoScript,
sharedassets0.assets,41,MonoScript,
sharedassets0.assets,42,MonoScript,
sharedassets0.assets,43,MonoScript,
sharedassets0.assets,44,MonoScript,
sharedassets0.assets,45,MonoScript,
sharedassets0.assets,46,MonoScript,
sharedassets0.assets,47,MonoScript,
sharedassets0.assets,48,MonoScript,
sharedassets0.assets,49,MonoScript,
sharedassets0.assets,50,MonoScript,
sharedassets0.assets,51,MonoScript,
sharedassets0.assets,52,MonoScript,
sharedassets0.assets,53,MonoScript,
sharedassets0.assets,54,MonoScript,
sharedassets0.assets,55,MonoScript,
sharedassets0.assets,56,MonoScript,
sharedassets0.assets,57,MonoScript,
sharedassets0.assets,58,MonoScript,
sharedassets0.assets,59,MonoScript,
sharedassets0.assets,60,MonoScript,
sharedassets0.assets,61,MonoScript,
sharedassets0.assets,62,MonoScript,
sharedassets0.assets,63,MonoScript,
sharedassets0.assets,64,MonoScript,
sharedassets0.assets,65,MonoScript,
sharedassets0.assets,66,MonoScript,
sharedassets0.assets,67,MonoScript,
sharedassets0.assets,68,MonoScript,
sharedassets0.assets,69,MonoScript,
sharedassets0.assets,70,MonoScript,
sharedassets0.assets,71,MonoScript,
sharedassets0.assets,72,MonoScript,
sharedassets0.assets,73,MonoScript,
sharedassets0.assets,74,MonoScript,
sharedassets0.assets,75,MonoScript,
sharedassets0.assets,76,MonoScript,
sharedassets0.assets,77,MonoScript,
sharedassets0.assets,78,MonoScript,
sharedassets0.assets,79,MonoScript,
sharedassets0.assets,80,MonoScript,
sharedassets0.assets,81,MonoScript,
sharedassets0.assets,82,MonoScript,
sharedassets0.assets,83,MonoScript,
sharedassets0.assets,84,MonoScript,
sharedassets0.assets,85,MonoScript,
sharedassets0.assets,86,MonoScript,
sharedassets0.assets,87,MonoScript,
sharedassets0.assets,88,MonoScript,
sharedassets0.assets,89,MonoScript,
sharedassets0.assets,90,MonoScript,
sharedassets0.assets,91,MonoScript,
sharedassets0.assets,92,MonoScript,
sharedassets0.assets,93,MonoScript,
sharedassets0.assets,94,MonoScript,
sharedassets0.assets,95,MonoScript,
sharedassets0.assets,96,MonoScript,
sharedassets0.assets,97,MonoScript,
sharedassets0.assets,98,MonoScript,
sharedassets0.assets,99,MonoScript,
sharedassets0.assets,100,MonoScript,
sharedassets0.assets,101,MonoScript,
sharedassets0.assets,102,MonoScript,
sharedassets0.assets,103,MonoScript,
sharedassets0.assets,104,MonoScript,
sharedassets0.assets,105,MonoScript,
sharedassets0.assets,106,MonoScript,
sharedassets0.assets,107,MonoScript,
sharedassets0.assets,108,MonoScript,
sharedassets0.assets,109,MonoScript,
sharedassets0.assets,110,MonoScript,
sharedassets0.assets,111,MonoScript,
sharedassets0.assets,112,MonoScript,
sharedassets0.assets,113,MonoScript,
sharedassets0.assets,114,MonoScript,
sharedassets0.assets,115,MonoScript,
sharedassets0.assets,116,MonoScript,
sharedassets0.assets,117,MonoScript,
sharedassets0.assets,118,MonoScript,
sharedassets0.assets,119,MonoScript,
sharedassets0.assets,120,MonoScript,
sharedassets0.assets,121,MonoScript,
sharedassets0.assets,122,MonoScript,
sharedassets0.assets,123,MonoScript,
sharedassets0.assets,124,MonoScript,
sharedassets0.assets,125,MonoScript,
sharedassets0.assets,126,MonoScript,
sharedassets0.assets,127,MonoScript,
sharedassets0.assets,128,MonoScript,
sharedassets0.assets,129,MonoScript,
sharedassets0.assets,130,MonoScript,
sharedassets0.assets,131,MonoScript,
sharedassets0.assets,132,MonoScript,
sharedassets0.assets,133,MonoScript,
sharedassets0.assets,134,MonoScript,
sharedassets0.assets,135,MonoScript,
sharedassets0.assets,136,MonoScript,
sharedassets0.assets,137,MonoScript,
sharedassets0.assets,138,MonoScript,
sharedassets0.assets,139,MonoScript,
sharedassets0.assets,140,MonoScript,
sharedassets0.assets,141,MonoScript,
sharedassets0.assets,142,MonoScript,
sharedassets0.assets,143,MonoScript,
sharedassets0.assets,144,MonoScript,
sharedassets0.assets,145,MonoScript,
sharedassets0.assets,146,MonoScript,
sharedassets0.assets,147,MonoScript,
sharedassets0.assets,148,MonoScript,
sharedassets0.assets,149,MonoScript,
sharedassets0.assets,150,MonoScript,
sharedassets0.assets,151,MonoScript,
sharedassets0.assets,152,MonoScript,
sharedassets0.assets,153,MonoScript,
sharedassets0.assets,154,MonoScript,
sharedassets0.assets,155,MonoScript,
sharedassets0.assets,156,MonoScript,
sharedassets0.assets,157,MonoScript,
sharedassets0.assets,158,MonoScript,
sharedassets0.assets,159,MonoScript,
sharedassets0.assets,160,MonoScript,
sharedassets0.assets,161,MonoScript,
sharedassets0.assets,162,MonoScript,
sharedassets0.assets,163,MonoScript,
sharedassets0.assets,164,MonoScript,
sharedassets0.assets,165,MonoScript,
sharedassets0.assets,166,MonoScript,
sharedassets0.assets,167,MonoScript,
sharedassets0.assets,168,MonoScript,
sharedassets0.assets,169,MonoScript,
sharedassets0.assets,170,MonoScript,
sharedassets0.assets,171,MonoScript,
sharedassets0.assets,172,MonoScript,
sharedassets0.assets,173,MonoScript,
sharedassets0.assets,174,MonoScript,
sharedassets0.assets,175,MonoScript,
sharedassets0.assets,176,MonoScript,
sharedassets0.assets,177,MonoScript,
sharedassets0.assets,178,MonoScript,
sharedassets0.assets,179,MonoScript,
sharedassets0.assets,180,MonoScript,
sharedassets0.assets,181,MonoScript,
sharedassets0.assets,182,MonoScript,
sharedassets0.assets,183,MonoScript,
sharedassets0.assets,184,MonoScript,
sharedassets0.assets,185,MonoScript,
sharedassets0.assets,186,MonoScript,
sharedassets0.assets,187,MonoScript,
sharedassets0.assets,188,MonoScript,
sharedassets0.assets,189,MonoScript,
sharedassets0.assets,190,MonoScript,
sharedassets0.assets,191,MonoScript,
sharedassets0.assets,192,MonoScript,
sharedassets0.assets,193,MonoScript,
sharedassets0.assets,194,MonoScript,
sharedassets0.assets,195,MonoScript,
sharedassets0.assets,196,MonoScript,
sharedassets0.assets,197,MonoScript,
sharedassets0.assets,198,MonoScript,
sharedassets0.assets,199,MonoScript,
sharedassets0.assets,200,MonoScript,
sharedassets0.assets,201,MonoScript,
sharedassets0.assets,202,MonoScript,
sharedassets0.assets,203,MonoScript,
sharedassets0.assets,204,MonoScript,
sharedassets0.assets,205,MonoScript,
sharedassets0.assets,206,MonoScript,
sharedassets0.assets,207,MonoScript,
sharedassets0.assets,208,MonoScript,
sharedassets0.assets,209,MonoScript,
sharedassets0.assets,210,MonoScript,
sharedassets0.assets,211,MonoScript,
sharedassets0.assets,212,MonoScript,
sharedassets0.assets,213,MonoScript,
sharedassets0.assets,214,MonoScript,
sharedassets0.assets,215,MonoScript,
sharedassets0.assets,216,MonoScript,
sharedassets0.assets,217,MonoScript,
sharedassets0.assets,218,MonoScript,
sharedassets0.assets,219,MonoScript,
sharedassets0.assets,220,MonoScript,
sharedassets0.assets,221,MonoScript,
sharedassets0.assets,222,MonoScript,
sharedassets0.assets,223,MonoScript,
sharedassets0.assets,224,MonoScript,
sharedassets0.assets,225,MonoScript,
sharedassets0.assets,226,MonoScript,
sharedassets0.assets,227,MonoScript,
sharedassets0.assets,228,MonoScript,
sharedassets0.assets,229,MonoScript,
sharedassets0.assets,230,MonoScript,
sharedassets0.assets,231,MonoScript,
sharedassets0.assets,232,MonoScript,
sharedassets0.assets,233,MonoScript,
sharedassets0.assets,234,MonoScript,
sharedassets0.assets,235,MonoScript,
sharedassets0.assets,236,MonoScript,
sharedassets0.assets,237,MonoScript,
sharedassets0.assets,238,MonoScript,
sharedassets0.assets,239,MonoScript,
sharedassets0.assets,240,MonoScript,
sharedassets0.assets,241,MonoScript,
sharedassets0.assets,242,MonoScript,
sharedassets0.assets,243,MonoScript,
sharedassets0.assets,244,MonoScript,
sharedassets0.assets,245,MonoScript,
sharedassets0.assets,246,MonoScript,
sharedassets0.assets,247,MonoScript,
sharedassets0.assets,248,MonoScript,
sharedassets0.assets,249,MonoScript,
sharedassets0.assets,250,MonoScript,
sharedassets0.assets,251,MonoScript,
sharedassets0.assets,252,MonoScript,
sharedassets0.assets,253,MonoScript,
sharedassets0.assets,254,MonoScript,
sharedassets0.assets,255,MonoScript,
sharedassets0.assets,256,MonoScript,
sharedassets0.assets,257,MonoScript,
sharedassets0.assets,258,MonoScript,
sharedassets0.assets,259,MonoScript,
sharedassets0.assets,260,MonoScript,
sharedassets0.assets,261,MonoScript,
sharedassets0.assets,262,MonoScript,
sharedassets0.assets,263,MonoScript,
sharedassets0.assets,264,MonoScript,
sharedassets0.assets,265,MonoScript,
sharedassets0.assets,266,MonoScript,
sharedassets0.assets,267,MonoScript,
sharedassets0.assets,268,MonoScript,
sharedassets0.assets,269,MonoScript,
sharedassets0.assets,270,MonoScript,
sharedassets0.assets,271,MonoScript,
sharedassets0.assets,272,MonoScript,
sharedassets0.assets,273,MonoScript,
sharedassets0.assets,274,MonoScript,
sharedassets0.assets,275,MonoScript,
sharedassets0.assets,276,MonoScript,
sharedassets0.assets,277,MonoScript,
sharedassets0.assets,278,MonoScript,
sharedassets0.assets,279,MonoScript,
sharedassets0.assets,280,MonoScript,
sharedassets0.assets,281,MonoScript,
sharedassets0.assets,282,MonoScript,
sharedassets0.assets,283,MonoScript,
sharedassets0.assets,284,MonoScript,
sharedassets0.assets,285,MonoScript,
sharedassets0.assets,286,MonoScript,
sharedassets0.assets,287,MonoScript,
sharedassets0.assets,288,MonoScript,
sharedassets0.assets,289,MonoScript,
sharedassets0.assets,290,MonoScript,
sharedassets0.assets,291,MonoScript,
sharedassets1.assets,1,PreloadData,
sharedassets1.assets,2,Material,
sharedassets1.assets,3,Material,
sharedassets1.assets,4,Material,
sharedassets1.assets,5,Material,
sharedassets1.assets,6,Material,
sharedassets1.assets,7,Material,
sharedassets1.assets,8,Material,
sharedassets1.assets,9,Material,
sharedassets1.assets,10,Texture2D,white_light
sharedassets1.assets,11,Texture2D,star1
sharedassets1.assets,12,Shader,Mobile-Particle-Add
sharedassets1.assets,13,Shader,Unlit-Normal
sharedassets1.assets,14,Shader,
sharedassets1.assets,15,Shader,RenderVideoBackground
sharedassets1.assets,16,Shader,Unlit - Transparent Colored
sharedassets1.assets,17,TextAsset,Music5
sharedassets1.assets,18,TextAsset,Music8
sharedassets1.assets,19,TextAsset,Domino
sharedassets1.assets,20,TextAsset,SixRandom
sharedassets1.assets,21,TextAsset,Music7
sharedassets1.assets,22,TextAsset,Music4
sharedassets1.assets,23,TextAsset,Music6
sharedassets1.assets,24,TextAsset,Music1
sharedassets1.assets,25,TextAsset,Music3
sharedassets1.assets,26,TextAsset,Music2
sharedassets1.assets,27,GameObject,
sharedassets1.assets,28,GameObject,
sharedassets1.assets,29,GameObject,
sharedassets1.assets,30,GameObject,
sharedassets1.assets,31,GameObject,
sharedassets1.assets,32,Transform,
sharedassets1.assets,33,Transform,
sharedassets1.assets,34,Transform,
sharedassets1.assets,35,Transform,
sharedassets1.assets,36,Transform,
sharedassets1.assets,37,Camera,
sharedassets1.assets,38,MeshRenderer,
sharedassets1.assets,39,MeshFilter,
sharedassets1.assets,40,MeshCollider,
sharedassets1.assets,41,AudioListener,
sharedassets1.assets,42,GUILayer,
sharedassets1.assets,43,FlareLayer,
sharedassets1.assets,44,MonoBehaviour,
sharedassets1.assets,45,MonoBehaviour,
sharedassets1.assets,46,MonoBehaviour,
sharedassets1.assets,47,MonoBehaviour,
sharedassets1.assets,48,MonoBehaviour,
sharedassets10.assets,1,PreloadData,
sharedassets11.assets,1,PreloadData,
sharedassets12.assets,1,PreloadData,
sharedassets12.assets,2,GameObject,
sharedassets12.assets,3,Transform,
sharedassets12.assets,4,MonoBehaviour,
sharedassets2.assets,1,PreloadData,
sharedassets2.assets,2,Material,
sharedassets2.assets,3,Material,
sharedassets2.assets,4,Texture2D,CommonAtlas
sharedassets2.assets,5,TextAsset,Japanese
sharedassets2.assets,6,GameObject,
sharedassets2.assets,7,GameObject,
sharedassets2.assets,8,Transform,
sharedassets2.assets,9,Transform,
sharedassets2.assets,10,MonoBehaviour,
sharedassets2.assets,11,MonoBehaviour,
sharedassets3.assets,1,PreloadData,
sharedassets3.assets,2,Material,
sharedassets3.assets,3,Material,
sharedassets3.assets,4,Material,
sharedassets3.assets,5,Material,
sharedassets3.assets,6,Material,
sharedassets3.assets,7,Shader,
sharedassets3.assets,8,AudioClip,kasha
sharedassets3.assets,9,GameObject,
sharedassets3.assets,10,GameObject,
sharedassets3.assets,11,GameObject,
sharedassets3.assets,12,GameObject,
sharedassets3.assets,13,GameObject,
sharedassets3.assets,14,GameObject,
sharedassets3.assets,15,GameObject,
sharedassets3.assets,16,GameObject,
sharedassets3.assets,17,GameObject,
sharedassets3.assets,18,GameObject,
sharedassets3.assets,19,GameObject,
sharedassets3.assets,20,GameObject,
sharedassets3.assets,21,GameObject,
sharedassets3.assets,22,GameObject,
sharedassets3.assets,23,GameObject,
sharedassets3.assets,24,GameObject,
sharedassets3.assets,25,GameObject,
sharedassets3.assets,26,GameObject,
sharedassets3.assets,27,GameObject,
sharedassets3.assets,28,GameObject,
sharedassets3.assets,29,GameObject,
sharedassets3.assets,30,GameObject,
sharedassets3.assets,31,GameObject,
sharedassets3.assets,32,GameObject,
sharedassets3.assets,33,GameObject,
sharedassets3.assets,34,GameObject,
sharedassets3.assets,35,GameObject,
sharedassets3.assets,36,GameObject,
sharedassets3.assets,37,GameObject,
sharedassets3.assets,38,GameObject,
sharedassets3.assets,39,GameObject,
sharedassets3.assets,40,GameObject,
sharedassets3.assets,41,GameObject,
sharedassets3.assets,42,GameObject,
sharedassets3.assets,43,GameObject,
sharedassets3.assets,44,GameObject,
sharedassets3.assets,45,GameObject,
sharedassets3.assets,46,GameObject,
sharedassets3.assets,47,GameObject,
sharedassets3.assets,48,GameObject,
sharedassets3.assets,49,GameObject,
sharedassets3.assets,50,GameObject,
sharedassets3.assets,51,GameObject,
sharedassets3.assets,52,GameObject,
sharedassets3.assets,53,GameObject,
sharedassets3.assets,54,GameObject,
sharedassets3.assets,55,GameObject,
sharedassets3.assets,56,GameObject,
sharedassets3.assets,57,GameObject,
sharedassets3.assets,58,GameObject,
sharedassets3.assets,59,GameObject,
sharedassets3.assets,60,GameObject,
sharedassets3.assets,61,GameObject,
sharedassets3.assets,62,GameObject,
sharedassets3.assets,63,GameObject,
sharedassets3.assets,64,GameObject,
sharedassets3.assets,65,GameObject,
sharedassets3.assets,66,GameObject,
sharedassets3.assets,67,GameObject,
sharedassets3.assets,68,GameObject,
sharedassets3.assets,69,GameObject,
sharedassets3.assets,70,GameObject,
sharedassets3.assets,71,GameObject,
sharedassets3.assets,72,GameObject,
sharedassets3.assets,73,GameObject,
sharedassets3.assets,74,GameObject,
sharedassets3.assets,75,GameObject,
sharedassets3.assets,76,GameObject,
sharedassets3.assets,77,GameObject,
sharedassets3.assets,78,GameObject,
sharedassets3.assets,79,GameObject,
sharedassets3.assets,80,GameObject,
sharedassets3.assets,81,GameObject,
sharedassets3.assets,82,GameObject,
sharedassets3.assets,83,GameObject,
sharedassets3.assets,84,GameObject,
sharedassets3.assets,85,GameObject,
sharedassets3.assets,86,GameObject,
sharedassets3.assets,87,GameObject,
sharedassets3.assets,88,GameObject,
sharedassets3.assets,89,GameObject,
sharedassets3.assets,90,GameObject,
sharedassets3.assets,91,GameObject,
sharedassets3.assets,92,GameObject,
sharedassets3.assets,93,GameObject,
sharedassets3.assets,94,GameObject,
sharedassets3.assets,95,GameObject,
sharedassets3.assets,96,GameObject,
sharedassets3.assets,97,GameObject,
sharedassets3.assets,98,GameObject,
sharedassets3.assets,99,GameObject,
sharedassets3.assets,100,GameObject,
sharedassets3.assets,101,GameObject,
sharedassets3.assets,102,GameObject,
sharedassets3.assets,103,GameObject,
sharedassets3.assets,104,GameObject,
sharedassets3.assets,105,GameObject,
sharedassets3.assets,106,GameObject,
sharedassets3.assets,107,GameObject,
sharedassets3.assets,108,GameObject,
sharedassets3.assets,109,GameObject,
sharedassets3.assets,110,GameObject,
sharedassets3.assets,111,GameObject,
sharedassets3.assets,112,GameObject,
sharedassets3.assets,113,GameObject,
sharedassets3.assets,114,GameObject,
sharedassets3.assets,115,GameObject,
sharedassets3.assets,116,GameObject,
sharedassets3.assets,117,GameObject,
sharedassets3.assets,118,GameObject,
sharedassets3.assets,119,GameObject,
sharedassets3.assets,120,GameObject,
sharedassets3.assets,121,GameObject,
sharedassets3.assets,122,GameObject,
sharedassets3.assets,123,GameObject,
sharedassets3.assets,124,GameObject,
sharedassets3.assets,125,GameObject,
sharedassets3.assets,126,GameObject,
sharedassets3.assets,127,GameObject,
sharedassets3.assets,128,GameObject,
sharedassets3.assets,129,GameObject,
sharedassets3.assets,130,GameObject,
sharedassets3.assets,131,GameObject,
sharedassets3.assets,132,GameObject,
sharedassets3.assets,133,GameObject,
sharedassets3.assets,134,GameObject,
sharedassets3.assets,135,GameObject,
sharedassets3.assets,136,GameObject,
sharedassets3.assets,137,GameObject,
sharedassets3.assets,138,GameObject,
sharedassets3.assets,139,GameObject,
sharedassets3.assets,140,GameObject,
sharedassets3.assets,141,GameObject,
sharedassets3.assets,142,GameObject,
sharedassets3.assets,143,GameObject,
sharedassets3.assets,144,GameObject,
sharedassets3.assets,145,GameObject,
sharedassets3.assets,146,GameObject,
sharedassets3.assets,147,GameObject,
sharedassets3.assets,148,GameObject,
sharedassets3.assets,149,GameObject,
sharedassets3.assets,150,GameObject,
sharedassets3.assets,151,GameObject,
sharedassets3.assets,152,GameObject,
sharedassets3.assets,153,GameObject,
sharedassets3.assets,154,GameObject,
sharedassets3.assets,155,GameObject,
sharedassets3.assets,156,GameObject,
sharedassets3.assets,157,GameObject,
sharedassets3.assets,158,GameObject,
sharedassets3.assets,159,GameObject,
sharedassets3.assets,160,GameObject,
sharedassets3.assets,161,GameObject,
sharedassets3.assets,162,GameObject,
sharedassets3.assets,163,GameObject,
sharedassets3.assets,164,GameObject,
sharedassets3.assets,165,GameObject,
sharedassets3.assets,166,GameObject,
sharedassets3.assets,167,GameObject,
sharedassets3.assets,168,GameObject,
sharedassets3.assets,169,GameObject,
sharedassets3.assets,170,GameObject,
sharedassets3.assets,171,GameObject,
sharedassets3.assets,172,GameObject,
sharedassets3.assets,173,GameObject,
sharedassets3.assets,174,GameObject,
sharedassets3.assets,175,GameObject,
sharedassets3.assets,176,GameObject,
sharedassets3.assets,177,GameObject,
sharedassets3.assets,178,GameObject,
sharedassets3.assets,179,GameObject,
sharedassets3.assets,180,GameObject,
sharedassets3.assets,181,GameObject,
sharedassets3.assets,182,GameObject,
sharedassets3.assets,183,GameObject,
sharedassets3.assets,184,GameObject,
sharedassets3.assets,185,GameObject,
sharedassets3.assets,186,GameObject,
sharedassets3.assets,187,GameObject,
sharedassets3.assets,188,GameObject,
sharedassets3.assets,189,GameObject,
sharedassets3.assets,190,GameObject,
sharedassets3.assets,191,GameObject,
sharedassets3.assets,192,GameObject,
sharedassets3.assets,193,GameObject,
sharedassets3.assets,194,GameObject,
sharedassets3.assets,195,GameObject,
sharedassets3.assets,196,GameObject,
sharedassets3.assets,197,GameObject,
sharedassets3.assets,198,GameObject,
sharedassets3.assets,199,GameObject,
sharedassets3.assets,200,GameObject,
sharedassets3.assets,201,GameObject,
sharedassets3.assets,202,GameObject,
sharedassets3.assets,203,GameObject,
sharedassets3.assets,204,GameObject,
sharedassets3.assets,205,GameObject,
sharedassets3.assets,206,GameObject,
sharedassets3.assets,207,GameObject,
sharedassets3.assets,208,GameObject,
sharedassets3.assets,209,GameObject,
sharedassets3.assets,210,GameObject,
sharedassets3.assets,211,GameObject,
sharedassets3.assets,212,GameObject,
sharedassets3.assets,213,GameObject,
sharedassets3.assets,214,GameObject,
sharedassets3.assets,215,GameObject,
sharedassets3.assets,216,GameObject,
sharedassets3.assets,217,GameObject,
sharedassets3.assets,218,GameObject,
sharedassets3.assets,219,GameObject,
sharedassets3.assets,220,GameObject,
sharedassets3.assets,221,GameObject,
sharedassets3.assets,222,GameObject,
sharedassets3.assets,223,GameObject,
sharedassets3.assets,224,GameObject,
sharedassets3.assets,225,GameObject,
sharedassets3.assets,226,GameObject,
sharedassets3.assets,227,GameObject,
sharedassets3.assets,228,GameObject,
sharedassets3.assets,229,GameObject,
sharedassets3.assets,230,GameObject,
sharedassets3.assets,231,GameObject,
sharedassets3.assets,232,GameObject,
sharedassets3.assets,233,GameObject,
sharedassets3.assets,234,GameObject,
sharedassets3.assets,235,GameObject,
sharedassets3.assets,236,GameObject,
sharedassets3.assets,237,GameObject,
sharedassets3.assets,238,GameObject,
sharedassets3.assets,239,GameObject,
sharedassets3.assets,240,GameObject,
sharedassets3.assets,241,GameObject,
sharedassets3.assets,242,GameObject,
sharedassets3.assets,243,GameObject,
sharedassets3.assets,244,GameObject,
sharedassets3.assets,245,GameObject,
sharedassets3.assets,246,GameObject,
sharedassets3.assets,247,GameObject,
sharedassets3.assets,248,GameObject,
sharedassets3.assets,249,GameObject,
sharedassets3.assets,250,GameObject,
sharedassets3.assets,251,GameObject,
sharedassets3.assets,252,GameObject,
sharedassets3.assets,253,GameObject,
sharedassets3.assets,254,GameObject,
sharedassets3.assets,255,GameObject,
sharedassets3.assets,256,GameObject,
sharedassets3.assets,257,GameObject,
sharedassets3.assets,258,GameObject,
sharedassets3.assets,259,GameObject,
sharedassets3.assets,260,Transform,
sharedassets3.assets,261,Transform,
sharedassets3.assets,262,Transform,
sharedassets3.assets,263,Transform,
sharedassets3.assets,264,Transform,
sharedassets3.assets,265,Transform,
sharedassets3.assets,266,Transform,
sharedassets3.assets,267,Transform,
sharedassets3.assets,268,Transform,
sharedassets3.assets,269,Transform,
sharedassets3.assets,270,Transform,
sharedassets3.assets,271,Transform,
sharedassets3.assets,272,Transform,
sharedassets3.assets,273,Transform,
sharedassets3.assets,274,Transform,
sharedassets3.assets,275,Transform,
sharedassets3.assets,276,Transform,
sharedassets3.assets,277,Transform,
sharedassets3.assets,278,Transform,
sharedassets3.assets,279,Transform,
sharedassets3.assets,280,Transform,
sharedassets3.assets,281,Transform,
sharedassets3.assets,282,Transform,
sharedassets3.assets,283,Transform,
sharedassets3.assets,284,Transform,
sharedassets3.assets,285,Transform,
sharedassets3.assets,286,Transform,
sharedassets3.assets,287,Transform,
sharedassets3.assets,288,Transform,
sharedassets3.assets,289,Transform,
sharedassets3.assets,290,Transform,
sharedassets3.assets,291,Transform,
sharedassets3.assets,292,Transform,
sharedassets3.assets,293,Transform,
sharedassets3.assets,294,Transform,
sharedassets3.assets,295,Transform,
sharedassets3.assets,296,Transform,
sharedassets3.assets,297,Transform,
sharedassets3.assets,298,Transform,
sharedassets3.assets,299,Transform,
sharedassets3.assets,300,Transform,
sharedassets3.assets,301,Transform,
sharedassets3.assets,302,Transform,
sharedassets3.assets,303,Transform,
sharedassets3.assets,304,Transform,
sharedassets3.assets,305,Transform,
sharedassets3.assets,306,Transform,
sharedassets3.assets,307,Transform,
sharedassets3.assets,308,Transform,
sharedassets3.assets,309,Transform,
sharedassets3.assets,310,Transform,
sharedassets3.assets,311,Transform,
sharedassets3.assets,312,Transform,
sharedassets3.assets,313,Transform,
sharedassets3.assets,314,Transform,
sharedassets3.assets,315,Transform,
sharedassets3.assets,316,Transform,
sharedassets3.assets,317,Transform,
sharedassets3.assets,318,Transform,
sharedassets3.assets,319,Transform,
sharedassets3.assets,320,Transform,
sharedassets3.assets,321,Transform,
sharedassets3.assets,322,Transform,
sharedassets3.assets,323,Transform,
sharedassets3.assets,324,Transform,
sharedassets3.assets,325,Transform,
sharedassets3.assets,326,Transform,
sharedassets3.assets,327,Transform,
sharedassets3.assets,328,Transform,
sharedassets3.assets,329,Transform,
sharedassets3.assets,330,Transform,
sharedassets3.assets,331,Transform,
sharedassets3.assets,332,Transform,
sharedassets3.assets,333,Transform,
sharedassets3.assets,334,Transform,
sharedassets3.assets,335,Transform,
sharedassets3.assets,336,Transform,
sharedassets3.assets,337,Transform,
sharedassets3.assets,338,Transform,
sharedassets3.assets,339,Transform,
sharedassets3.assets,340,Transform,
sharedassets3.assets,341,Transform,
sharedassets3.assets,342,Transform,
sharedassets3.assets,343,Transform,
sharedassets3.assets,344,Transform,
sharedassets3.assets,345,Transform,
sharedassets3.assets,346,Transform,
sharedassets3.assets,347,Transform,
sharedassets3.assets,348,Transform,
sharedassets3.assets,349,Transform,
sharedassets3.assets,350,Transform,
sharedassets3.assets,351,Transform,
sharedassets3.assets,352,Transform,
sharedassets3.assets,353,Transform,
sharedassets3.assets,354,Transform,
sharedassets3.assets,355,Transform,
sharedassets3.assets,356,Transform,
sharedassets3.assets,357,Transform,
sharedassets3.assets,358,Transform,
sharedassets3.assets,359,Transform,
sharedassets3.assets,360,Transform,
sharedassets3.assets,361,Transform,
sharedassets3.assets,362,Transform,
sharedassets3.assets,363,Transform,
sharedassets3.assets,364,Transform,
sharedassets3.assets,365,Transform,
sharedassets3.assets,366,Transform,
sharedassets3.assets,367,Transform,
sharedassets3.assets,368,Transform,
sharedassets3.assets,369,Transform,
sharedassets3.assets,370,Transform,
sharedassets3.assets,371,Transform,
sharedassets3.assets,372,Transform,
sharedassets3.assets,373,Transform,
sharedassets3.assets,374,Transform,
sharedassets3.assets,375,Transform,
sharedassets3.assets,376,Transform,
sharedassets3.assets,377,Transform,
sharedassets3.assets,378,Transform,
sharedassets3.assets,379,Transform,
sharedassets3.assets,380,Transform,
sharedassets3.assets,381,Transform,
sharedassets3.assets,382,Transform,
sharedassets3.assets,383,Transform,
sharedassets3.assets,384,Transform,
sharedassets3.assets,385,Transform,
sharedassets3.assets,386,Transform,
sharedassets3.assets,387,Transform,
sharedassets3.assets,388,Transform,
sharedassets3.assets,389,Transform,
sharedassets3.assets,390,Transform,
sharedassets3.assets,391,Transform,
sharedassets3.assets,392,Transform,
sharedassets3.assets,393,Transform,
sharedassets3.assets,394,Transform,
sharedassets3.assets,395,Transform,
sharedassets3.assets,396,Transform,
sharedassets3.assets,397,Transform,
sharedassets3.assets,398,Transform,
sharedassets3.assets,399,Transform,
sharedassets3.assets,400,Transform,
sharedassets3.assets,401,Transform,
sharedassets3.assets,402,Transform,
sharedassets3.assets,403,Transform,
sharedassets3.assets,404,Transform,
sharedassets3.assets,405,Transform,
sharedassets3.assets,406,Transform,
sharedassets3.assets,407,Transform,
sharedassets3.assets,408,Transform,
sharedassets3.assets,409,Transform,
sharedassets3.assets,410,Transform,
sharedassets3.assets,411,Transform,
sharedassets3.assets,412,Transform,
sharedassets3.assets,413,Transform,
sharedassets3.assets,414,Transform,
sharedassets3.assets,415,Transform,
sharedassets3.assets,416,Transform,
sharedassets3.assets,417,Transform,
sharedassets3.assets,418,Transform,
sharedassets3.assets,419,Transform,
sharedassets3.assets,420,Transform,
sharedassets3.assets,421,Transform,
sharedassets3.assets,422,Transform,
sharedassets3.assets,423,Transform,
sharedassets3.assets,424,Transform,
sharedassets3.assets,425,Transform,
sharedassets3.assets,426,Transform,
sharedassets3.assets,427,Transform,
sharedassets3.assets,428,Transform,
sharedassets3.assets,429,Transform,
sharedassets3.assets,430,Transform,
sharedassets3.assets,431,Transform,
sharedassets3.assets,432,Transform,
sharedassets3.assets,433,Transform,
sharedassets3.assets,434,Transform,
sharedassets3.assets,435,Transform,
sharedassets3.assets,436,Transform,
sharedassets3.assets,437,Transform,
sharedassets3.assets,438,Transform,
sharedassets3.assets,439,Transform,
sharedassets3.assets,440,Transform,
sharedassets3.assets,441,Transform,
sharedassets3.assets,442,Transform,
sharedassets3.assets,443,Transform,
sharedassets3.assets,444,Transform,
sharedassets3.assets,445,Transform,
sharedassets3.assets,446,Transform,
sharedassets3.assets,447,Transform,
sharedassets3.assets,448,Transform,
sharedassets3.assets,449,Transform,
sharedassets3.assets,450,Transform,
sharedassets3.assets,451,Transform,
sharedassets3.assets,452,Transform,
sharedassets3.assets,453,Transform,
sharedassets3.assets,454,Transform,
sharedassets3.assets,455,Transform,
sharedassets3.assets,456,Transform,
sharedassets3.assets,457,Transform,
sharedassets3.assets,458,Transform,
sharedassets3.assets,459,Transform,
sharedassets3.assets,460,Transform,
sharedassets3.assets,461,Transform,
sharedassets3.assets,462,Transform,
sharedassets3.assets,463,Transform,
sharedassets3.assets,464,Transform,
sharedassets3.assets,465,Transform,
sharedassets3.assets,466,Transform,
sharedassets3.assets,467,Transform,
sharedassets3.assets,468,Transform,
sharedassets3.assets,469,Transform,
sharedassets3.assets,470,Transform,
sharedassets3.assets,471,Transform,
sharedassets3.assets,472,Transform,
sharedassets3.assets,473,Transform,
sharedassets3.assets,474,Transform,
sharedassets3.assets,475,Transform,
sharedassets3.assets,476,Transform,
sharedassets3.assets,477,Transform,
sharedassets3.assets,478,Transform,
sharedassets3.assets,479,Transform,
sharedassets3.assets,480,Transform,
sharedassets3.assets,481,Transform,
sharedassets3.assets,482,Transform,
sharedassets3.assets,483,Transform,
sharedassets3.assets,484,Transform,
sharedassets3.assets,485,Transform,
sharedassets3.assets,486,Transform,
sharedassets3.assets,487,Transform,
sharedassets3.assets,488,Transform,
sharedassets3.assets,489,Transform,
sharedassets3.assets,490,Transform,
sharedassets3.assets,491,Transform,
sharedassets3.assets,492,Transform,
sharedassets3.assets,493,Transform,
sharedassets3.assets,494,Transform,
sharedassets3.assets,495,Transform,
sharedassets3.assets,496,Transform,
sharedassets3.assets,497,Transform,
sharedassets3.assets,498,Transform,
sharedassets3.assets,499,Transform,
sharedassets3.assets,500,Transform,
sharedassets3.assets,501,Transform,
sharedassets3.assets,502,Transform,
sharedassets3.assets,503,Transform,
sharedassets3.assets,504,Transform,
sharedassets3.assets,505,Transform,
sharedassets3.assets,506,Transform,
sharedassets3.assets,507,Transform,
sharedassets3.assets,508,Transform,
sharedassets3.assets,509,Transform,
sharedassets3.assets,510,Transform,
sharedassets3.assets,511,BoxCollider,
sharedassets3.assets,512,BoxCollider,
sharedassets3.assets,513,BoxCollider,
sharedassets3.assets,514,BoxCollider,
sharedassets3.assets,515,BoxCollider,
sharedassets3.assets,516,BoxCollider,
sharedassets3.assets,517,BoxCollider,
sharedassets3.assets,518,BoxCollider,
sharedassets3.assets,519,MonoBehaviour,
sharedassets3.assets,520,MonoBehaviour,
sharedassets3.assets,521,MonoBehaviour,
sharedassets3.assets,522,MonoBehaviour,
sharedassets3.assets,523,MonoBehaviour,
sharedassets3.assets,524,MonoBehaviour,
sharedassets3.assets,525,MonoBehaviour,
sharedassets3.assets,526,MonoBehaviour,
sharedassets3.assets,527,MonoBehaviour,
sharedassets3.assets,528,MonoBehaviour,
sharedassets3.assets,529,MonoBehaviour,
sharedassets3.assets,530,MonoBehaviour,
sharedassets3.assets,531,MonoBehaviour,
sharedassets3.assets,532,MonoBehaviour,
sharedassets3.assets,533,MonoBehaviour,
sharedassets3.assets,534,MonoBehaviour,
sharedassets3.assets,535,MonoBehaviour,
sharedassets3.assets,536,MonoBehaviour,
sharedassets3.assets,537,MonoBehaviour,
sharedassets3.assets,538,MonoBehaviour,
sharedassets3.assets,539,MonoBehaviour,
sharedassets3.assets,540,MonoBehaviour,
sharedassets3.assets,541,MonoBehaviour,
sharedassets3.assets,542,MonoBehaviour,
sharedassets3.assets,543,MonoBehaviour,
sharedassets3.assets,544,MonoBehaviour,
sharedassets3.assets,545,MonoBehaviour,
sharedassets3.assets,546,MonoBehaviour,
sharedassets3.assets,547,MonoBehaviour,
sharedassets3.assets,548,MonoBehaviour,
sharedassets3.assets,549,MonoBehaviour,
sharedassets3.assets,550,MonoBehaviour,
sharedassets3.assets,551,MonoBehaviour,
sharedassets3.assets,552,MonoBehaviour,
sharedassets3.assets,553,MonoBehaviour,
sharedassets3.assets,554,MonoBehaviour,
sharedassets3.assets,555,MonoBehaviour,
sharedassets3.assets,556,MonoBehaviour,
sharedassets3.assets,557,MonoBehaviour,
sharedassets3.assets,558,MonoBehaviour,
sharedassets3.assets,559,MonoBehaviour,
sharedassets3.assets,560,MonoBehaviour,
sharedassets3.assets,561,MonoBehaviour,
sharedassets3.assets,562,MonoBehaviour,
sharedassets3.assets,563,MonoBehaviour,
sharedassets3.assets,564,MonoBehaviour,
sharedassets3.assets,565,MonoBehaviour,
sharedassets3.assets,566,MonoBehaviour,
sharedassets3.assets,567,MonoBehaviour,
sharedassets3.assets,568,MonoBehaviour,
sharedassets3.assets,569,MonoBehaviour,
sharedassets3.assets,570,MonoBehaviour,
sharedassets3.assets,571,MonoBehaviour,
sharedassets3.assets,572,MonoBehaviour,
sharedassets3.assets,573,MonoBehaviour,
sharedassets3.assets,574,MonoBehaviour,
sharedassets3.assets,575,MonoBehaviour,
sharedassets3.assets,576,MonoBehaviour,
sharedassets3.assets,577,MonoBehaviour,
sharedassets3.assets,578,MonoBehaviour,
sharedassets3.assets,579,MonoBehaviour,
sharedassets3.assets,580,MonoBehaviour,
sharedassets3.assets,581,MonoBehaviour,
sharedassets3.assets,582,MonoBehaviour,
sharedassets3.assets,583,MonoBehaviour,
sharedassets3.assets,584,MonoBehaviour,
sharedassets3.assets,585,MonoBehaviour,
sharedassets3.assets,586,MonoBehaviour,
sharedassets3.assets,587,MonoBehaviour,
sharedassets3.assets,588,MonoBehaviour,
sharedassets3.assets,589,MonoBehaviour,
sharedassets3.assets,590,MonoBehaviour,
sharedassets3.assets,591,MonoBehaviour,
sharedassets3.assets,592,MonoBehaviour,
sharedassets3.assets,593,MonoBehaviour,
sharedassets3.assets,594,MonoBehaviour,
sharedassets3.assets,595,MonoBehaviour,
sharedassets3.assets,596,MonoBehaviour,
sharedassets3.assets,597,MonoBehaviour,
sharedassets3.assets,598,MonoBehaviour,
sharedassets3.assets,599,MonoBehaviour,
sharedassets3.assets,600,MonoBehaviour,
sharedassets3.assets,601,MonoBehaviour,
sharedassets3.assets,602,MonoBehaviour,
sharedassets3.assets,603,MonoBehaviour,
sharedassets3.assets,604,MonoBehaviour,
sharedassets3.assets,605,MonoBehaviour,
sharedassets3.assets,606,MonoBehaviour,
sharedassets3.assets,607,MonoBehaviour,
sharedassets3.assets,608,MonoBehaviour,
sharedassets3.assets,609,MonoBehaviour,
sharedassets3.assets,610,MonoBehaviour,
sharedassets3.assets,611,MonoBehaviour,
sharedassets3.assets,612,MonoBehaviour,
sharedassets3.assets,613,MonoBehaviour,
sharedassets3.assets,614,MonoBehaviour,
sharedassets3.assets,615,MonoBehaviour,
sharedassets3.assets,616,MonoBehaviour,
sharedassets3.assets,617,MonoBehaviour,
sharedassets3.assets,618,MonoBehaviour,
sharedassets3.assets,619,MonoBehaviour,
sharedassets3.assets,620,MonoBehaviour,
sharedassets3.assets,621,MonoBehaviour,
sharedassets3.assets,622,MonoBehaviour,
sharedassets3.assets,623,MonoBehaviour,
sharedassets3.assets,624,MonoBehaviour,
sharedassets3.assets,625,MonoBehaviour,
sharedassets3.assets,626,MonoBehaviour,
sharedassets3.assets,627,MonoBehaviour,
sharedassets3.assets,628,MonoBehaviour,
sharedassets3.assets,629,MonoBehaviour,
sharedassets3.assets,630,MonoBehaviour,
sharedassets3.assets,631,MonoBehaviour,
sharedassets3.assets,632,MonoBehaviour,
sharedassets3.assets,633,MonoBehaviour,
sharedassets3.assets,634,MonoBehaviour,
sharedassets3.assets,635,MonoBehaviour,
sharedassets3.assets,636,MonoBehaviour,
sharedassets3.assets,637,MonoBehaviour,
sharedassets3.assets,638,MonoBehaviour,
sharedassets3.assets,639,MonoBehaviour,
sharedassets3.assets,640,MonoBehaviour,
sharedassets3.assets,641,MonoBehaviour,
sharedassets3.assets,642,MonoBehaviour,
sharedassets3.assets,643,MonoBehaviour,
sharedassets3.assets,644,MonoBehaviour,
sharedassets3.assets,645,MonoBehaviour,
sharedassets3.assets,646,MonoBehaviour,
sharedassets3.assets,647,MonoBehaviour,
sharedassets3.assets,648,MonoBehaviour,
sharedassets3.assets,649,MonoBehaviour,
sharedassets3.assets,650,MonoBehaviour,
sharedassets3.assets,651,MonoBehaviour,
sharedassets3.assets,652,MonoBehaviour,
sharedassets3.assets,653,MonoBehaviour,
sharedassets3.assets,654,MonoBehaviour,
sharedassets3.assets,655,MonoBehaviour,
sharedassets3.assets,656,MonoBehaviour,
sharedassets3.assets,657,MonoBehaviour,
sharedassets3.assets,658,MonoBehaviour,
sharedassets3.assets,659,MonoBehaviour,
sharedassets3.assets,660,MonoBehaviour,
sharedassets3.assets,661,MonoBehaviour,
sharedassets3.assets,662,MonoBehaviour,
sharedassets3.assets,663,MonoBehaviour,
sharedassets3.assets,664,MonoBehaviour,
sharedassets3.assets,665,MonoBehaviour,
sharedassets4.assets,1,PreloadData,
sharedassets4.assets,2,Material,
sharedassets4.assets,3,Material,
sharedassets4.assets,4,Texture2D,TutHighAtlas
sharedassets4.assets,5,Texture2D,TutLowAtlas
sharedassets4.assets,6,GameObject,
sharedassets4.assets,7,GameObject,
sharedassets4.assets,8,GameObject,
sharedassets4.assets,9,Transform,
sharedassets4.assets,10,Transform,
sharedassets4.assets,11,Transform,
sharedassets4.assets,12,MonoBehaviour,
sharedassets4.assets,13,MonoBehaviour,
sharedassets4.assets,14,MonoBehaviour,
sharedassets5.assets,1,PreloadData,
sharedassets6.assets,1,PreloadData,
sharedassets6.assets,2,TextAsset,fb
sharedassets6.assets,3,TextAsset,tw
sharedassets6.assets,4,GameObject,
sharedassets6.assets,5,Transform,
sharedassets6.assets,6,MonoBehaviour,
sharedassets7.assets,1,PreloadData,
sharedassets7.assets,2,TextAsset,fbi
sharedassets7.assets,3,TextAsset,twi
sharedassets8.assets,1,PreloadData,
sharedassets8.assets,2,GameObject,
sharedassets8.assets,3,Transform,
sharedassets8.assets,4,MonoBehaviour,
sharedassets9.assets,1,PreloadData,
sharedassets9.assets,2,Material,
sharedassets9.assets,3,GameObject,
sharedassets9.assets,4,Transform,
sharedassets9.assets,5,MonoBehaviour,
level0,1,Mesh,
level0,2,Mesh,
level0,3,Mesh,
level0,4,Mesh,
level0,5,Mesh,
level0,6,Mesh,
level0,7,Mesh,
level0,8,Mesh,
level0,9,Mesh,
level0,10,Mesh,
level0,11,Mesh,
level0,12,Mesh,
level0,13,GameObject,
level0,14,GameObject,
level0,15,GameObject,
level0,16,GameObject,
level0,17,GameObject,
level0,18,GameObject,
level0,19,GameObject,
level0,20,GameObject,
level0,21,GameObject,
level0,22,GameObject,
level0,23,GameObject,
level0,24,GameObject,
level0,25,GameObject,
level0,26,GameObject,
level0,27,GameObject,
level0,28,GameObject,
level0,29,GameObject,
level0,30,GameObject,
level0,31,GameObject,
level0,32,GameObject,
level0,33,GameObject,
level0,34,GameObject,
level0,35,GameObject,
level0,36,GameObject,
level0,37,GameObject,
level0,38,GameObject,
level0,39,GameObject,
level0,40,GameObject,
level0,41,GameObject,
level0,42,GameObject,
level0,43,GameObject,
level0,44,GameObject,
level0,45,GameObject,
level0,46,GameObject,
level0,47,GameObject,
level0,48,GameObject,
level0,49,GameObject,
level0,50,GameObject,
level0,51,GameObject,
level0,52,GameObject,
level0,53,GameObject,
level0,54,GameObject,
level0,55,GameObject,
level0,56,GameObject,
level0,57,GameObject,
level0,58,GameObject,
level0,59,GameObject,
level0,60,GameObject,
level0,61,GameObject,
level0,62,GameObject,
level0,63,GameObject,
level0,64,GameObject,
level0,65,GameObject,
level0,66,GameObject,
level0,67,GameObject,
level0,68,GameObject,
level0,69,GameObject,
level0,70,GameObject,
level0,71,GameObject,
level0,72,GameObject,
level0,73,GameObject,
level0,74,GameObject,
level0,75,GameObject,
level0,76,GameObject,
level0,77,GameObject,
level0,78,GameObject,
level0,79,GameObject,
level0,80,GameObject,
level0,81,GameObject,
level0,82,GameObject,
level0,83,GameObject,
level0,84,GameObject,
level0,85,GameObject,
level0,86,GameObject,
level0,87,GameObject,
level0,88,GameObject,
level0,89,GameObject,
level0,90,GameObject,
level0,91,GameObject,
level0,92,GameObject,
level0,93,GameObject,
level0,94,GameObject,
level0,95,GameObject,
level0,96,Transform,
level0,97,Transform,
level0,98,Transform,
level0,99,Transform,
level0,100,Transform,
level0,101,Transform,
level0,102,Transform,
level0,103,Transform,
level0,104,Transform,
level0,105,Transform,
level0,106,Transform,
level0,107,Transform,
level0,108,Transform,
level0,109,Transform,
level0,110,Transform,
level0,111,Transform,
level0,112,Transform,
level0,113,Transform,
level0,114,Transform,
level0,115,Transform,
level0,116,Transform,
level0,117,Transform,
level0,118,Transform,
level0,119,Transform,
level0,120,Transform,
level0,121,Transform,
level0,122,Transform,
level0,123,Transform,
level0,124,Transform,
level0,125,Transform,
level0,126,Transform,
level0,127,Transform,
level0,128,Transform,
level0,129,Transform,
level0,130,Transform,
level0,131,Transform,
level0,132,Transform,
level0,133,Transform,
level0,134,Transform,
level0,135,Transform,
level0,136,Transform,
level0,137,Transform,
level0,138,Transform,
level0,139,Transform,
level0,140,Transform,
level0,141,Transform,
level0,142,Transform,
level0,143,Transform,
level0,144,Transform,
level0,145,Transform,
level0,146,Transform,
level0,147,Transform,
level0,148,Transform,
level0,149,Transform,
level0,150,Transform,
level0,151,Transform,
level0,152,Transform,
level0,153,Transform,
level0,154,Transform,
level0,155,Transform,
level0,156,Transform,
level0,157,Transform,
level0,158,Transform,
level0,159,Transform,
level0,160,Transform,
level0,161,Transform,
level0,162,Transform,
level0,163,Transform,
level0,164,Transform,
level0,165,Transform,
level0,166,Transform,
level0,167,Transform,
level0,168,Transform,
level0,169,Transform,
level0,170,Transform,
level0,171,Transform,
level0,172,Transform,
level0,173,Transform,
level0,174,Transform,
level0,175,Transform,
level0,176,Transform,
level0,177,Transform,
level0,178,Transform,
level0,179,Camera,
level0,180,Camera,
level0,181,Camera,
level0,182,Camera,
level0,183,Camera,
level0,184,Camera,
level0,185,MeshRenderer,
level0,186,MeshRenderer,
level0,187,MeshRenderer,
level0,188,MeshRenderer,
level0,189,MeshRenderer,
level0,190,MeshRenderer,
level0,191,MeshRenderer,
level0,192,MeshRenderer,
level0,193,MeshRenderer,
level0,194,MeshRenderer,
level0,195,MeshRenderer,
level0,196,MeshRenderer,
level0,197,MeshRenderer,
level0,198,OcclusionCullingSettings,
level0,199,MeshFilter,
level0,200,MeshFilter,
level0,201,MeshFilter,
level0,202,MeshFilter,
level0,203,MeshFilter,
level0,204,MeshFilter,
level0,205,MeshFilter,
level0,206,MeshFilter,
level0,207,MeshFilter,
level0,208,MeshFilter,
level0,209,MeshFilter,
level0,210,MeshFilter,
level0,211,MeshFilter,
level0,212,Rigidbody,
level0,213,MeshCollider,
level0,214,BoxCollider,
level0,215,BoxCollider,
level0,216,BoxCollider,
level0,217,GUILayer,
level0,218,GUILayer,
level0,219,GUILayer,
level0,220,GUILayer,
level0,221,GUILayer,
level0,222,RenderSettings,
level0,223,FlareLayer,
level0,224,FlareLayer,
level0,225,FlareLayer,
level0,226,FlareLayer,
level0,227,FlareLayer,
level0,228,HaloManager,
level0,229,GUIText,
level0,230,LightmapSettings,
level0,231,NavMeshSettings,
level0,232,ParticleSystem,
level0,233,ParticleSystemRenderer,
level0,234,MonoBehaviour,
level0,235,MonoBehaviour,
level0,236,MonoBehaviour,
level0,237,MonoBehaviour,
level0,238,MonoBehaviour,
level0,239,MonoBehaviour,
level0,240,MonoBehaviour,
level0,241,MonoBehaviour,
level0,242,MonoBehaviour,
level0,243,MonoBehaviour,
level0,244,MonoBehaviour,
level0,245,MonoBehaviour,
level0,246,MonoBehaviour,
level0,247,MonoBehaviour,
level0,248,MonoBehaviour,
level0,249,MonoBehaviour,
level0,250,MonoBehaviour,
level0,251,MonoBehaviour,
level0,252,MonoBehaviour,
level0,253,MonoBehaviour,
level0,254,MonoBehaviour,
level0,255,MonoBehaviour,
level0,256,MonoBehaviour,
level0,257,MonoBehaviour,
level0,258,MonoBehaviour,
level0,259,MonoBehaviour,
level0,260,MonoBehaviour,
level0,261,MonoBehaviour,
level0,262,MonoBehaviour,
level0,263,MonoBehaviour,
level0,264,MonoBehaviour,
level0,265,MonoBehaviour,
level0,266,MonoBehaviour,
level0,267,MonoBehaviour,
level0,268,MonoBehaviour,
level0,269,MonoBehaviour,
level0,270,MonoBehaviour,
level0,271,MonoBehaviour,
level0,272,MonoBehaviour,
level0,273,MonoBehaviour,
level0,274,MonoBehaviour,
level0,275,MonoBehaviour,
level0,276,MonoBehaviour,
level0,277,MonoBehaviour,
level0,278,MonoBehaviour,
level0,279,MonoBehaviour,
level0,280,MonoBehaviour,
level0,281,MonoBehaviour,
level0,282,MonoBehaviour,
level0,283,MonoBehaviour,
level0,284,MonoBehaviour,
level0,285,MonoBehaviour,
level0,286,MonoBehaviour,
level0,287,MonoBehaviour,
level0,288,MonoBehaviour,
level0,289,MonoBehaviour,
level0,290,MonoBehaviour,
level0,291,MonoBehaviour,
level0,292,MonoBehaviour,
level0,293,MonoBehaviour,
level0,294,MonoBehaviour,
level0,295,MonoBehaviour,
level0,296,MonoBehaviour,
level0,297,MonoBehaviour,
level0,298,MonoBehaviour,
level0,299,MonoBehaviour,
level0,300,MonoBehaviour,
level0,301,MonoBehaviour,
level0,302,MonoBehaviour,
level0,303,MonoBehaviour,
level1,1,Mesh,
level1,2,Mesh,
level1,3,Mesh,
level1,4,Mesh,
level1,5,Mesh,
level1,6,Mesh,
level1,7,Mesh,
level1,8,Mesh,
level1,9,Mesh,
level1,10,Mesh,
level1,11,Mesh,
level1,12,Mesh,
level1,13,GameObject,
level1,14,GameObject,
level1,15,GameObject,
level1,16,GameObject,
level1,17,GameObject,
level1,18,GameObject,
level1,19,GameObject,
level1,20,GameObject,
level1,21,GameObject,
level1,22,GameObject,
level1,23,GameObject,
level1,24,GameObject,
level1,25,GameObject,
level1,26,GameObject,
level1,27,GameObject,
level1,28,GameObject,
level1,29,GameObject,
level1,30,GameObject,
level1,31,GameObject,
level1,32,GameObject,
level1,33,GameObject,
level1,34,GameObject,
level1,35,GameObject,
level1,36,GameObject,
level1,37,GameObject,
level1,38,GameObject,
level1,39,GameObject,
level1,40,GameObject,
level1,41,GameObject,
level1,42,GameObject,
level1,43,GameObject,
level1,44,GameObject,
level1,45,GameObject,
level1,46,GameObject,
level1,47,GameObject,
level1,48,GameObject,
level1,49,GameObject,
level1,50,GameObject,
level1,51,GameObject,
level1,52,GameObject,
level1,53,GameObject,
level1,54,GameObject,
level1,55,GameObject,
level1,56,GameObject,
level1,57,GameObject,
level1,58,GameObject,
level1,59,GameObject,
level1,60,GameObject,
level1,61,GameObject,
level1,62,GameObject,
level1,63,GameObject,
level1,64,GameObject,
level1,65,GameObject,
level1,66,GameObject,
level1,67,GameObject,
level1,68,GameObject,
level1,69,GameObject,
level1,70,GameObject,
level1,71,GameObject,
level1,72,GameObject,
level1,73,GameObject,
level1,74,GameObject,
level1,75,GameObject,
level1,76,GameObject,
level1,77,GameObject,
level1,78,GameObject,
level1,79,GameObject,
level1,80,GameObject,
level1,81,GameObject,
level1,82,GameObject,
level1,83,GameObject,
level1,84,GameObject,
level1,85,GameObject,
level1,86,GameObject,
level1,87,GameObject,
level1,88,GameObject,
level1,89,GameObject,
level1,90,GameObject,
level1,91,GameObject,
level1,92,GameObject,
level1,93,GameObject,
level1,94,GameObject,
level1,95,GameObject,
level1,96,GameObject,
level1,97,GameObject,
level1,98,GameObject,
level1,99,Transform,
level1,100,Transform,
level1,101,Transform,
level1,102,Transform,
level1,103,Transform,
level1,104,Transform,
level1,105,Transform,
level1,106,Transform,
level1,107,Transform,
level1,108,Transform,
level1,109,Transform,
level1,110,Transform,
level1,111,Transform,
level1,112,Transform,
level1,113,Transform,
level1,114,Transform,
level1,115,Transform,
level1,116,Transform,
level1,117,Transform,
level1,118,Transform,
level1,119,Transform,
level1,120,Transform,
level1,121,Transform,
level1,122,Transform,
level1,123,Transform,
level1,124,Transform,
level1,125,Transform,
level1,126,Transform,
level1,127,Transform,
level1,128,Transform,
level1,129,Transform,
level1,130,Transform,
level1,131,Transform,
level1,132,Transform,
level1,133,Transform,
level1,134,Transform,
level1,135,Transform,
level1,136,Transform,
level1,137,Transform,
level1,138,Transform,
level1,139,Transform,
level1,140,Transform,
level1,141,Transform,
level1,142,Transform,
level1,143,Transform,
level1,144,Transform,
level1,145,Transform,
level1,146,Transform,
level1,147,Transform,
level1,148,Transform,
level1,149,Transform,
level1,150,Transform,
level1,151,Transform,
level1,152,Transform,
level1,153,Transform,
level1,154,Transform,
level1,155,Transform,
level1,156,Transform,
level1,157,Transform,
level1,158,Transform,
level1,159,Transform,
level1,160,Transform,
level1,161,Transform,
level1,162,Transform,
level1,163,Transform,
level1,164,Transform,
level1,165,Transform,
level1,166,Transform,
level1,167,Transform,
level1,168,Transform,
level1,169,Transform,
level1,170,Transform,
level1,171,Transform,
level1,172,Transform,
level1,173,Transform,
level1,174,Transform,
level1,175,Transform,
level1,176,Transform,
level1,177,Transform,
level1,178,Transform,
level1,179,Transform,
level1,180,Transform,
level1,181,Transform,
level1,182,Transform,
level1,183,Transform,
level1,184,Transform,
level1,185,Camera,
level1,186,Camera,
level1,187,Camera,
level1,188,Camera,
level1,189,MeshRenderer,
level1,190,MeshRenderer,
level1,191,MeshRenderer,
level1,192,MeshRenderer,
level1,193,MeshRenderer,
level1,194,MeshRenderer,
level1,195,MeshRenderer,
level1,196,MeshRenderer,
level1,197,MeshRenderer,
level1,198,MeshRenderer,
level1,199,MeshRenderer,
level1,200,MeshRenderer,
level1,201,OcclusionCullingSettings,
level1,202,MeshFilter,
level1,203,MeshFilter,
level1,204,MeshFilter,
level1,205,MeshFilter,
level1,206,MeshFilter,
level1,207,MeshFilter,
level1,208,MeshFilter,
level1,209,MeshFilter,
level1,210,MeshFilter,
level1,211,MeshFilter,
level1,212,MeshFilter,
level1,213,MeshFilter,
level1,214,Rigidbody,
level1,215,BoxCollider,
level1,216,BoxCollider,
level1,217,BoxCollider,
level1,218,GUILayer,
level1,219,GUILayer,
level1,220,GUILayer,
level1,221,RenderSettings,
level1,222,Light,
level1,223,FlareLayer,
level1,224,FlareLayer,
level1,225,FlareLayer,
level1,226,HaloManager,
level1,227,GUIText,
level1,228,LightmapSettings,
level1,229,NavMeshSettings,
level1,230,ParticleSystem,
level1,231,ParticleSystem,
level1,232,ParticleSystemRenderer,
level1,233,ParticleSystemRenderer,
level1,234,MonoBehaviour,
level1,235,MonoBehaviour,
level1,236,MonoBehaviour,
level1,237,MonoBehaviour,
level1,238,MonoBehaviour,
level1,239,MonoBehaviour,
level1,240,MonoBehaviour,
level1,241,MonoBehaviour,
level1,242,MonoBehaviour,
level1,243,MonoBehaviour,
level1,244,MonoBehaviour,
level1,245,MonoBehaviour,
level1,246,MonoBehaviour,
level1,247,MonoBehaviour,
level1,248,MonoBehaviour,
level1,249,MonoBehaviour,
level1,250,MonoBehaviour,
level1,251,MonoBehaviour,
level1,252,MonoBehaviour,
level1,253,MonoBehaviour,
level1,254,MonoBehaviour,
level1,255,MonoBehaviour,
level1,256,MonoBehaviour,
level1,257,MonoBehaviour,
level1,258,MonoBehaviour,
level1,259,MonoBehaviour,
level1,260,MonoBehaviour,
level1,261,MonoBehaviour,
level1,262,MonoBehaviour,
level1,263,MonoBehaviour,
level1,264,MonoBehaviour,
level1,265,MonoBehaviour,
level1,266,MonoBehaviour,
level1,267,MonoBehaviour,
level1,268,MonoBehaviour,
level1,269,MonoBehaviour,
level1,270,MonoBehaviour,
level1,271,MonoBehaviour,
level1,272,MonoBehaviour,
level1,273,MonoBehaviour,
level1,274,MonoBehaviour,
level1,275,MonoBehaviour,
level1,276,MonoBehaviour,
level1,277,MonoBehaviour,
level1,278,MonoBehaviour,
level1,279,MonoBehaviour,
level1,280,MonoBehaviour,
level1,281,MonoBehaviour,
level1,282,MonoBehaviour,
level1,283,MonoBehaviour,
level1,284,MonoBehaviour,
level1,285,MonoBehaviour,
level1,286,MonoBehaviour,
level1,287,MonoBehaviour,
level1,288,MonoBehaviour,
level1,289,MonoBehaviour,
level1,290,MonoBehaviour,
level1,291,MonoBehaviour,
level1,292,MonoBehaviour,
level1,293,MonoBehaviour,
level1,294,MonoBehaviour,
level1,295,MonoBehaviour,
level1,296,MonoBehaviour,
level1,297,MonoBehaviour,
level1,298,MonoBehaviour,
level1,299,MonoBehaviour,
level1,300,MonoBehaviour,
level1,301,MonoBehaviour,
level1,302,MonoBehaviour,
level1,303,MonoBehaviour,
level1,304,MonoBehaviour,
level1,305,MonoBehaviour,
level1,306,MonoBehaviour,
level10,1,GameObject,
level10,2,GameObject,
level10,3,GameObject,
level10,4,GameObject,
level10,5,GameObject,
level10,6,GameObject,
level10,7,GameObject,
level10,8,GameObject,
level10,9,GameObject,
level10,10,GameObject,
level10,11,GameObject,
level10,12,GameObject,
level10,13,GameObject,
level10,14,GameObject,
level10,15,GameObject,
level10,16,GameObject,
level10,17,GameObject,
level10,18,GameObject,
level10,19,GameObject,
level10,20,GameObject,
level10,21,GameObject,
level10,22,GameObject,
level10,23,GameObject,
level10,24,GameObject,
level10,25,GameObject,
level10,26,GameObject,
level10,27,GameObject,
level10,28,GameObject,
level10,29,Transform,
level10,30,Transform,
level10,31,Transform,
level10,32,Transform,
level10,33,Transform,
level10,34,Transform,
level10,35,Transform,
level10,36,Transform,
level10,37,Transform,
level10,38,Transform,
level10,39,Transform,
level10,40,Transform,
level10,41,Transform,
level10,42,Transform,
level10,43,Transform,
level10,44,Transform,
level10,45,Transform,
level10,46,Transform,
level10,47,Transform,
level10,48,Transform,
level10,49,Transform,
level10,50,Transform,
level10,51,Transform,
level10,52,Transform,
level10,53,Transform,
level10,54,Transform,
level10,55,Transform,
level10,56,Transform,
level10,57,Camera,
level10,58,Camera,
level10,59,OcclusionCullingSettings,
level10,60,Rigidbody,
level10,61,BoxCollider,
level10,62,BoxCollider,
level10,63,BoxCollider,
level10,64,RenderSettings,
level10,65,HaloManager,
level10,66,LightmapSettings,
level10,67,NavMeshSettings,
level10,68,MonoBehaviour,
level10,69,MonoBehaviour,
level10,70,MonoBehaviour,
level10,71,MonoBehaviour,
level10,72,MonoBehaviour,
level10,73,MonoBehaviour,
level10,74,MonoBehaviour,
level10,75,MonoBehaviour,
level10,76,MonoBehaviour,
level10,77,MonoBehaviour,
level10,78,MonoBehaviour,
level10,79,MonoBehaviour,
level10,80,MonoBehaviour,
level10,81,MonoBehaviour,
level10,82,MonoBehaviour,
level10,83,MonoBehaviour,
level10,84,MonoBehaviour,
level10,85,MonoBehaviour,
level10,86,MonoBehaviour,
level10,87,MonoBehaviour,
level10,88,MonoBehaviour,
level10,89,MonoBehaviour,
level10,90,MonoBehaviour,
level10,91,MonoBehaviour,
level10,92,MonoBehaviour,
level10,93,MonoBehaviour,
level10,94,MonoBehaviour,
level10,95,MonoBehaviour,
level10,96,MonoBehaviour,
level10,97,MonoBehaviour,
level10,98,MonoBehaviour,
level10,99,MonoBehaviour,
level11,1,GameObject,
level11,2,GameObject,
level11,3,GameObject,
level11,4,GameObject,
level11,5,GameObject,
level11,6,GameObject,
level11,7,GameObject,
level11,8,GameObject,
level11,9,GameObject,
level11,10,GameObject,
level11,11,GameObject,
level11,12,GameObject,
level11,13,GameObject,
level11,14,GameObject,
level11,15,GameObject,
level11,16,Transform,
level11,17,Transform,
level11,18,Transform,
level11,19,Transform,
level11,20,Transform,
level11,21,Transform,
level11,22,Transform,
level11,23,Transform,
level11,24,Transform,
level11,25,Transform,
level11,26,Transform,
level11,27,Transform,
level11,28,Transform,
level11,29,Transform,
level11,30,Transform,
level11,31,Camera,
level11,32,OcclusionCullingSettings,
level11,33,BoxCollider,
level11,34,BoxCollider,
level11,35,BoxCollider,
level11,36,RenderSettings,
level11,37,HaloManager,
level11,38,LightmapSettings,
level11,39,NavMeshSettings,
level11,40,MonoBehaviour,
level11,41,MonoBehaviour,
level11,42,MonoBehaviour,
level11,43,MonoBehaviour,
level11,44,MonoBehaviour,
level11,45,MonoBehaviour,
level11,46,MonoBehaviour,
level11,47,MonoBehaviour,
level11,48,MonoBehaviour,
level11,49,MonoBehaviour,
level11,50,MonoBehaviour,
level11,51,MonoBehaviour,
level11,52,MonoBehaviour,
level11,53,MonoBehaviour,
level11,54,MonoBehaviour,
level11,55,MonoBehaviour,
level11,56,MonoBehaviour,
level2,1,Mesh,
level2,2,Mesh,
level2,3,Mesh,
level2,4,Mesh,
level2,5,Mesh,
level2,6,Mesh,
level2,7,Mesh,
level2,8,Mesh,
level2,9,Mesh,
level2,10,Mesh,
level2,11,Mesh,
level2,12,Mesh,
level2,13,Mesh,
level2,14,Mesh,
level2,15,Mesh,
level2,16,GameObject,
level2,17,GameObject,
level2,18,GameObject,
level2,19,GameObject,
level2,20,GameObject,
level2,21,GameObject,
level2,22,GameObject,
level2,23,GameObject,
level2,24,GameObject,
level2,25,GameObject,
level2,26,GameObject,
level2,27,GameObject,
level2,28,GameObject,
level2,29,GameObject,
level2,30,GameObject,
level2,31,GameObject,
level2,32,GameObject,
level2,33,GameObject,
level2,34,GameObject,
level2,35,GameObject,
level2,36,GameObject,
level2,37,GameObject,
level2,38,GameObject,
level2,39,GameObject,
level2,40,GameObject,
level2,41,GameObject,
level2,42,GameObject,
level2,43,GameObject,
level2,44,GameObject,
level2,45,GameObject,
level2,46,GameObject,
level2,47,GameObject,
level2,48,GameObject,
level2,49,GameObject,
level2,50,GameObject,
level2,51,GameObject,
level2,52,GameObject,
level2,53,GameObject,
level2,54,GameObject,
level2,55,GameObject,
level2,56,GameObject,
level2,57,GameObject,
level2,58,GameObject,
level2,59,GameObject,
level2,60,GameObject,
level2,61,GameObject,
level2,62,GameObject,
level2,63,GameObject,
level2,64,GameObject,
level2,65,GameObject,
level2,66,GameObject,
level2,67,GameObject,
level2,68,GameObject,
level2,69,GameObject,
level2,70,GameObject,
level2,71,GameObject,
level2,72,GameObject,
level2,73,GameObject,
level2,74,GameObject,
level2,75,GameObject,
level2,76,GameObject,
level2,77,GameObject,
level2,78,GameObject,
level2,79,GameObject,
level2,80,GameObject,
level2,81,GameObject,
level2,82,GameObject,
level2,83,GameObject,
level2,84,GameObject,
level2,85,GameObject,
level2,86,GameObject,
level2,87,GameObject,
level2,88,GameObject,
level2,89,GameObject,
level2,90,GameObject,
level2,91,GameObject,
level2,92,GameObject,
level2,93,GameObject,
level2,94,GameObject,
level2,95,GameObject,
level2,96,GameObject,
level2,97,GameObject,
level2,98,GameObject,
level2,99,GameObject,
level2,100,GameObject,
level2,101,GameObject,
level2,102,GameObject,
level2,103,GameObject,
level2,104,GameObject,
level2,105,GameObject,
level2,106,GameObject,
level2,107,GameObject,
level2,108,GameObject,
level2,109,GameObject,
level2,110,GameObject,
level2,111,GameObject,
level2,112,GameObject,
level2,113,GameObject,
level2,114,GameObject,
level2,115,GameObject,
level2,116,GameObject,
level2,117,GameObject,
level2,118,GameObject,
level2,119,GameObject,
level2,120,GameObject,
level2,121,GameObject,
level2,122,GameObject,
level2,123,GameObject,
level2,124,GameObject,
level2,125,GameObject,
level2,126,GameObject,
level2,127,GameObject,
level2,128,GameObject,
level2,129,GameObject,
level2,130,GameObject,
level2,131,GameObject,
level2,132,GameObject,
level2,133,GameObject,
level2,134,GameObject,
level2,135,GameObject,
level2,136,GameObject,
level2,137,GameObject,
level2,138,GameObject,
level2,139,GameObject,
level2,140,GameObject,
level2,141,GameObject,
level2,142,GameObject,
level2,143,GameObject,
level2,144,GameObject,
level2,145,GameObject,
level2,146,GameObject,
level2,147,GameObject,
level2,148,GameObject,
level2,149,GameObject,
level2,150,GameObject,
level2,151,GameObject,
level2,152,GameObject,
level2,153,GameObject,
level2,154,GameObject,
level2,155,GameObject,
level2,156,GameObject,
level2,157,GameObject,
level2,158,GameObject,
level2,159,GameObject,
level2,160,GameObject,
level2,161,GameObject,
level2,162,GameObject,
level2,163,GameObject,
level2,164,GameObject,
level2,165,GameObject,
level2,166,GameObject,
level2,167,GameObject,
level2,168,GameObject,
level2,169,GameObject,
level2,170,GameObject,
level2,171,GameObject,
level2,172,GameObject,
level2,173,GameObject,
level2,174,GameObject,
level2,175,GameObject,
level2,176,GameObject,
level2,177,GameObject,
level2,178,GameObject,
level2,179,GameObject,
level2,180,GameObject,
level2,181,GameObject,
level2,182,GameObject,
level2,183,GameObject,
level2,184,GameObject,
level2,185,GameObject,
level2,186,GameObject,
level2,187,GameObject,
level2,188,GameObject,
level2,189,GameObject,
level2,190,GameObject,
level2,191,GameObject,
level2,192,GameObject,
level2,193,GameObject,
level2,194,GameObject,
level2,195,GameObject,
level2,196,GameObject,
level2,197,GameObject,
level2,198,GameObject,
level2,199,GameObject,
level2,200,GameObject,
level2,201,GameObject,
level2,202,GameObject,
level2,203,GameObject,
level2,204,GameObject,
level2,205,GameObject,
level2,206,GameObject,
level2,207,GameObject,
level2,208,GameObject,
level2,209,GameObject,
level2,210,GameObject,
level2,211,GameObject,
level2,212,GameObject,
level2,213,GameObject,
level2,214,GameObject,
level2,215,GameObject,
level2,216,GameObject,
level2,217,GameObject,
level2,218,GameObject,
level2,219,GameObject,
level2,220,GameObject,
level2,221,GameObject,
level2,222,GameObject,
level2,223,GameObject,
level2,224,GameObject,
level2,225,GameObject,
level2,226,GameObject,
level2,227,GameObject,
level2,228,GameObject,
level2,229,GameObject,
level2,230,GameObject,
level2,231,GameObject,
level2,232,GameObject,
level2,233,GameObject,
level2,234,GameObject,
level2,235,GameObject,
level2,236,GameObject,
level2,237,GameObject,
level2,238,GameObject,
level2,239,GameObject,
level2,240,GameObject,
level2,241,GameObject,
level2,242,GameObject,
level2,243,GameObject,
level2,244,GameObject,
level2,245,GameObject,
level2,246,GameObject,
level2,247,GameObject,
level2,248,GameObject,
level2,249,GameObject,
level2,250,GameObject,
level2,251,Transform,
level2,252,Transform,
level2,253,Transform,
level2,254,Transform,
level2,255,Transform,
level2,256,Transform,
level2,257,Transform,
level2,258,Transform,
level2,259,Transform,
level2,260,Transform,
level2,261,Transform,
level2,262,Transform,
level2,263,Transform,
level2,264,Transform,
level2,265,Transform,
level2,266,Transform,
level2,267,Transform,
level2,268,Transform,
level2,269,Transform,
level2,270,Transform,
level2,271,Transform,
level2,272,Transform,
level2,273,Transform,
level2,274,Transform,
level2,275,Transform,
level2,276,Transform,
level2,277,Transform,
level2,278,Transform,
level2,279,Transform,
level2,280,Transform,
level2,281,Transform,
level2,282,Transform,
level2,283,Transform,
level2,284,Transform,
level2,285,Transform,
level2,286,Transform,
level2,287,Transform,
level2,288,Transform,
level2,289,Transform,
level2,290,Transform,
level2,291,Transform,
level2,292,Transform,
level2,293,Transform,
level2,294,Transform,
level2,295,Transform,
level2,296,Transform,
level2,297,Transform,
level2,298,Transform,
level2,299,Transform,
level2,300,Transform,
level2,301,Transform,
level2,302,Transform,
level2,303,Transform,
level2,304,Transform,
level2,305,Transform,
level2,306,Transform,
level2,307,Transform,
level2,308,Transform,
level2,309,Transform,
level2,310,Transform,
level2,311,Transform,
level2,312,Transform,
level2,313,Transform,
level2,314,Transform,
level2,315,Transform,
level2,316,Transform,
level2,317,Transform,
level2,318,Transform,
level2,319,Transform,
level2,320,Transform,
level2,321,Transform,
level2,322,Transform,
level2,323,Transform,
level2,324,Transform,
level2,325,Transform,
level2,326,Transform,
level2,327,Transform,
level2,328,Transform,
level2,329,Transform,
level2,330,Transform,
level2,331,Transform,
level2,332,Transform,
level2,333,Transform,
level2,334,Transform,
level2,335,Transform,
level2,336,Transform,
level2,337,Transform,
level2,338,Transform,
level2,339,Transform,
level2,340,Transform,
level2,341,Transform,
level2,342,Transform,
level2,343,Transform,
level2,344,Transform,
level2,345,Transform,
level2,346,Transform,
level2,347,Transform,
level2,348,Transform,
level2,349,Transform,
level2,350,Transform,
level2,351,Transform,
level2,352,Transform,
level2,353,Transform,
level2,354,Transform,
level2,355,Transform,
level2,356,Transform,
level2,357,Transform,
level2,358,Transform,
level2,359,Transform,
level2,360,Transform,
level2,361,Transform,
level2,362,Transform,
level2,363,Transform,
level2,364,Transform,
level2,365,Transform,
level2,366,Transform,
level2,367,Transform,
level2,368,Transform,
level2,369,Transform,
level2,370,Transform,
level2,371,Transform,
level2,372,Transform,
level2,373,Transform,
level2,374,Transform,
level2,375,Transform,
level2,376,Transform,
level2,377,Transform,
level2,378,Transform,
level2,379,Transform,
level2,380,Transform,
level2,381,Transform,
level2,382,Transform,
level2,383,Transform,
level2,384,Transform,
level2,385,Transform,
level2,386,Transform,
level2,387,Transform,
level2,388,Transform,
level2,389,Transform,
level2,390,Transform,
level2,391,Transform,
level2,392,Transform,
level2,393,Transform,
level2,394,Transform,
level2,395,Transform,
level2,396,Transform,
level2,397,Transform,
level2,398,Transform,
level2,399,Transform,
level2,400,Transform,
level2,401,Transform,
level2,402,Transform,
level2,403,Transform,
level2,404,Transform,
level2,405,Transform,
level2,406,Transform,
level2,407,Transform,
level2,408,Transform,
level2,409,Transform,
level2,410,Transform,
level2,411,Transform,
level2,412,Transform,
level2,413,Transform,
level2,414,Transform,
level2,415,Transform,
level2,416,Transform,
level2,417,Transform,
level2,418,Transform,
level2,419,Transform,
level2,420,Transform,
level2,421,Transform,
level2,422,Transform,
level2,423,Transform,
level2,424,Transform,
level2,425,Transform,
level2,426,Transform,
level2,427,Transform,
level2,428,Transform,
level2,429,Transform,
level2,430,Transform,
level2,431,Transform,
level2,432,Transform,
level2,433,Transform,
level2,434,Transform,
level2,435,Transform,
level2,436,Transform,
level2,437,Transform,
level2,438,Transform,
level2,439,Transform,
level2,440,Transform,
level2,441,Transform,
level2,442,Transform,
level2,443,Transform,
level2,444,Transform,
level2,445,Transform,
level2,446,Transform,
level2,447,Transform,
level2,448,Transform,
level2,449,Transform,
level2,450,Transform,
level2,451,Transform,
level2,452,Transform,
level2,453,Transform,
level2,454,Transform,
level2,455,Transform,
level2,456,Transform,
level2,457,Transform,
level2,458,Transform,
level2,459,Transform,
level2,460,Transform,
level2,461,Transform,
level2,462,Transform,
level2,463,Transform,
level2,464,Transform,
level2,465,Transform,
level2,466,Transform,
level2,467,Transform,
level2,468,Transform,
level2,469,Transform,
level2,470,Transform,
level2,471,Transform,
level2,472,Transform,
level2,473,Transform,
level2,474,Transform,
level2,475,Transform,
level2,476,Transform,
level2,477,Transform,
level2,478,Transform,
level2,479,Transform,
level2,480,Transform,
level2,481,Transform,
level2,482,Transform,
level2,483,Transform,
level2,484,Transform,
level2,485,Transform,
level2,486,Camera,
level2,487,Camera,
level2,488,Camera,
level2,489,Camera,
level2,490,Camera,
level2,491,MeshRenderer,
level2,492,MeshRenderer,
level2,493,MeshRenderer,
level2,494,MeshRenderer,
level2,495,MeshRenderer,
level2,496,MeshRenderer,
level2,497,MeshRenderer,
level2,498,MeshRenderer,
level2,499,MeshRenderer,
level2,500,MeshRenderer,
level2,501,MeshRenderer,
level2,502,MeshRenderer,
level2,503,MeshRenderer,
level2,504,MeshRenderer,
level2,505,MeshRenderer,
level2,506,MeshRenderer,
level2,507,OcclusionCullingSettings,
level2,508,MeshFilter,
level2,509,MeshFilter,
level2,510,MeshFilter,
level2,511,MeshFilter,
level2,512,MeshFilter,
level2,513,MeshFilter,
level2,514,MeshFilter,
level2,515,MeshFilter,
level2,516,MeshFilter,
level2,517,MeshFilter,
level2,518,MeshFilter,
level2,519,MeshFilter,
level2,520,MeshFilter,
level2,521,MeshFilter,
level2,522,MeshFilter,
level2,523,MeshFilter,
level2,524,Rigidbody,
level2,525,BoxCollider,
level2,526,BoxCollider,
level2,527,BoxCollider,
level2,528,BoxCollider,
level2,529,BoxCollider,
level2,530,BoxCollider,
level2,531,BoxCollider,
level2,532,BoxCollider,
level2,533,BoxCollider,
level2,534,BoxCollider,
level2,535,BoxCollider,
level2,536,BoxCollider,
level2,537,BoxCollider,
level2,538,BoxCollider,
level2,539,BoxCollider,
level2,540,BoxCollider,
level2,541,GUILayer,
level2,542,GUILayer,
level2,543,GUILayer,
level2,544,RenderSettings,
level2,545,FlareLayer,
level2,546,FlareLayer,
level2,547,FlareLayer,
level2,548,HaloManager,
level2,549,GUIText,
level2,550,LightmapSettings,
level2,551,NavMeshSettings,
level2,552,MonoBehaviour,
level2,553,MonoBehaviour,
level2,554,MonoBehaviour,
level2,555,MonoBehaviour,
level2,556,MonoBehaviour,
level2,557,MonoBehaviour,
level2,558,MonoBehaviour,
level2,559,MonoBehaviour,
level2,560,MonoBehaviour,
level2,561,MonoBehaviour,
level2,562,MonoBehaviour,
level2,563,MonoBehaviour,
level2,564,MonoBehaviour,
level2,565,MonoBehaviour,
level2,566,MonoBehaviour,
level2,567,MonoBehaviour,
level2,568,MonoBehaviour,
level2,569,MonoBehaviour,
level2,570,MonoBehaviour,
level2,571,MonoBehaviour,
level2,572,MonoBehaviour,
level2,573,MonoBehaviour,
level2,574,MonoBehaviour,
level2,575,MonoBehaviour,
level2,576,MonoBehaviour,
level2,577,MonoBehaviour,
level2,578,MonoBehaviour,
level2,579,MonoBehaviour,
level2,580,MonoBehaviour,
level2,581,MonoBehaviour,
level2,582,MonoBehaviour,
level2,583,MonoBehaviour,
level2,584,MonoBehaviour,
level2,585,MonoBehaviour,
level2,586,MonoBehaviour,
level2,587,MonoBehaviour,
level2,588,MonoBehaviour,
level2,589,MonoBehaviour,
level2,590,MonoBehaviour,
level2,591,MonoBehaviour,
level2,592,MonoBehaviour,
level2,593,MonoBehaviour,
level2,594,MonoBehaviour,
level2,595,MonoBehaviour,
level2,596,MonoBehaviour,
level2,597,MonoBehaviour,
level2,598,MonoBehaviour,
level2,599,MonoBehaviour,
level2,600,MonoBehaviour,
level2,601,MonoBehaviour,
level2,602,MonoBehaviour,
level2,603,MonoBehaviour,
level2,604,MonoBehaviour,
level2,605,MonoBehaviour,
level2,606,MonoBehaviour,
level2,607,MonoBehaviour,
level2,608,MonoBehaviour,
level2,609,MonoBehaviour,
level2,610,MonoBehaviour,
level2,611,MonoBehaviour,
level2,612,MonoBehaviour,
level2,613,MonoBehaviour,
level2,614,MonoBehaviour,
level2,615,MonoBehaviour,
level2,616,MonoBehaviour,
level2,617,MonoBehaviour,
level2,618,MonoBehaviour,
level2,619,MonoBehaviour,
level2,620,MonoBehaviour,
level2,621,MonoBehaviour,
level2,622,MonoBehaviour,
level2,623,MonoBehaviour,
level2,624,MonoBehaviour,
level2,625,MonoBehaviour,
level2,626,MonoBehaviour,
level2,627,MonoBehaviour,
level2,628,MonoBehaviour,
level2,629,MonoBehaviour,
level2,630,MonoBehaviour,
level2,631,MonoBehaviour,
level2,632,MonoBehaviour,
level2,633,MonoBehaviour,
level2,634,MonoBehaviour,
level2,635,MonoBehaviour,
level2,636,MonoBehaviour,
level2,637,MonoBehaviour,
level2,638,MonoBehaviour,
level2,639,MonoBehaviour,
level2,640,MonoBehaviour,
level2,641,MonoBehaviour,
level2,642,MonoBehaviour,
level2,643,MonoBehaviour,
level2,644,MonoBehaviour,
level2,645,MonoBehaviour,
level2,646,MonoBehaviour,
level2,647,MonoBehaviour,
level2,648,MonoBehaviour,
level2,649,MonoBehaviour,
level2,650,MonoBehaviour,
level2,651,MonoBehaviour,
level2,652,MonoBehaviour,
level2,653,MonoBehaviour,
level2,654,MonoBehaviour,
level2,655,MonoBehaviour,
level2,656,MonoBehaviour,
level2,657,MonoBehaviour,
level2,658,MonoBehaviour,
level2,659,MonoBehaviour,
level2,660,MonoBehaviour,
level2,661,MonoBehaviour,
level2,662,MonoBehaviour,
level2,663,MonoBehaviour,
level2,664,MonoBehaviour,
level2,665,MonoBehaviour,
level2,666,MonoBehaviour,
level2,667,MonoBehaviour,
level2,668,MonoBehaviour,
level2,669,MonoBehaviour,
level2,670,MonoBehaviour,
level2,671,MonoBehaviour,
level2,672,MonoBehaviour,
level2,673,MonoBehaviour,
level2,674,MonoBehaviour,
level2,675,MonoBehaviour,
level2,676,MonoBehaviour,
level2,677,MonoBehaviour,
level2,678,MonoBehaviour,
level2,679,MonoBehaviour,
level2,680,MonoBehaviour,
level2,681,MonoBehaviour,
level2,682,MonoBehaviour,
level2,683,MonoBehaviour,
level2,684,MonoBehaviour,
level2,685,MonoBehaviour,
level2,686,MonoBehaviour,
level2,687,MonoBehaviour,
level2,688,MonoBehaviour,
level2,689,MonoBehaviour,
level2,690,MonoBehaviour,
level2,691,MonoBehaviour,
level2,692,MonoBehaviour,
level2,693,MonoBehaviour,
level2,694,MonoBehaviour,
level2,695,MonoBehaviour,
level2,696,MonoBehaviour,
level2,697,MonoBehaviour,
level2,698,MonoBehaviour,
level2,699,MonoBehaviour,
level2,700,MonoBehaviour,
level2,701,MonoBehaviour,
level2,702,MonoBehaviour,
level2,703,MonoBehaviour,
level2,704,MonoBehaviour,
level2,705,MonoBehaviour,
level2,706,MonoBehaviour,
level2,707,MonoBehaviour,
level2,708,MonoBehaviour,
level2,709,MonoBehaviour,
level2,710,MonoBehaviour,
level2,711,MonoBehaviour,
level2,712,MonoBehaviour,
level2,713,MonoBehaviour,
level2,714,MonoBehaviour,
level2,715,MonoBehaviour,
level2,716,MonoBehaviour,
level2,717,MonoBehaviour,
level2,718,MonoBehaviour,
level2,719,MonoBehaviour,
level2,720,MonoBehaviour,
level2,721,MonoBehaviour,
level2,722,MonoBehaviour,
level2,723,MonoBehaviour,
level2,724,MonoBehaviour,
level2,725,MonoBehaviour,
level2,726,MonoBehaviour,
level2,727,MonoBehaviour,
level2,728,MonoBehaviour,
level2,729,MonoBehaviour,
level2,730,MonoBehaviour,
level2,731,MonoBehaviour,
level2,732,MonoBehaviour,
level2,733,MonoBehaviour,
level2,734,MonoBehaviour,
level2,735,MonoBehaviour,
level2,736,MonoBehaviour,
level2,737,MonoBehaviour,
level2,738,MonoBehaviour,
level2,739,MonoBehaviour,
level2,740,MonoBehaviour,
level2,741,MonoBehaviour,
level2,742,MonoBehaviour,
level2,743,MonoBehaviour,
level2,744,MonoBehaviour,
level2,745,MonoBehaviour,
level2,746,MonoBehaviour,
level2,747,MonoBehaviour,
level2,748,MonoBehaviour,
level2,749,MonoBehaviour,
level3,1,GameObject,
level3,2,GameObject,
level3,3,GameObject,
level3,4,GameObject,
level3,5,GameObject,
level3,6,GameObject,
level3,7,GameObject,
level3,8,GameObject,
level3,9,GameObject,
level3,10,GameObject,
level3,11,GameObject,
level3,12,GameObject,
level3,13,GameObject,
level3,14,GameObject,
level3,15,GameObject,
level3,16,GameObject,
level3,17,GameObject,
level3,18,GameObject,
level3,19,GameObject,
level3,20,GameObject,
level3,21,GameObject,
level3,22,GameObject,
level3,23,GameObject,
level3,24,GameObject,
level3,25,GameObject,
level3,26,GameObject,
level3,27,GameObject,
level3,28,GameObject,
level3,29,GameObject,
level3,30,GameObject,
level3,31,GameObject,
level3,32,GameObject,
level3,33,GameObject,
level3,34,Transform,
level3,35,Transform,
level3,36,Transform,
level3,37,Transform,
level3,38,Transform,
level3,39,Transform,
level3,40,Transform,
level3,41,Transform,
level3,42,Transform,
level3,43,Transform,
level3,44,Transform,
level3,45,Transform,
level3,46,Transform,
level3,47,Transform,
level3,48,Transform,
level3,49,Transform,
level3,50,Transform,
level3,51,Transform,
level3,52,Transform,
level3,53,Transform,
level3,54,Transform,
level3,55,Transform,
level3,56,Transform,
level3,57,Transform,
level3,58,Transform,
level3,59,Transform,
level3,60,Transform,
level3,61,Transform,
level3,62,Transform,
level3,63,Transform,
level3,64,Transform,
level3,65,Transform,
level3,66,Transform,
level3,67,Camera,
level3,68,Camera,
level3,69,OcclusionCullingSettings,
level3,70,Rigidbody,
level3,71,BoxCollider,
level3,72,RenderSettings,
level3,73,HaloManager,
level3,74,LightmapSettings,
level3,75,NavMeshSettings,
level3,76,MonoBehaviour,
level3,77,MonoBehaviour,
level3,78,MonoBehaviour,
level3,79,MonoBehaviour,
level3,80,MonoBehaviour,
level3,81,MonoBehaviour,
level3,82,MonoBehaviour,
level3,83,MonoBehaviour,
level3,84,MonoBehaviour,
level3,85,MonoBehaviour,
level3,86,MonoBehaviour,
level3,87,MonoBehaviour,
level3,88,MonoBehaviour,
level3,89,MonoBehaviour,
level3,90,MonoBehaviour,
level3,91,MonoBehaviour,
level3,92,MonoBehaviour,
level3,93,MonoBehaviour,
level3,94,MonoBehaviour,
level3,95,MonoBehaviour,
level3,96,MonoBehaviour,
level3,97,MonoBehaviour,
level3,98,MonoBehaviour,
level3,99,MonoBehaviour,
level3,100,MonoBehaviour,
level3,101,MonoBehaviour,
level3,102,MonoBehaviour,
level3,103,MonoBehaviour,
level3,104,MonoBehaviour,
level3,105,MonoBehaviour,
level3,106,MonoBehaviour,
level4,1,GameObject,
level4,2,GameObject,
level4,3,GameObject,
level4,4,GameObject,
level4,5,GameObject,
level4,6,GameObject,
level4,7,GameObject,
level4,8,GameObject,
level4,9,GameObject,
level4,10,GameObject,
level4,11,GameObject,
level4,12,GameObject,
level4,13,GameObject,
level4,14,GameObject,
level4,15,GameObject,
level4,16,GameObject,
level4,17,GameObject,
level4,18,GameObject,
level4,19,GameObject,
level4,20,GameObject,
level4,21,GameObject,
level4,22,GameObject,
level4,23,GameObject,
level4,24,GameObject,
level4,25,GameObject,
level4,26,Transform,
level4,27,Transform,
level4,28,Transform,
level4,29,Transform,
level4,30,Transform,
level4,31,Transform,
level4,32,Transform,
level4,33,Transform,
level4,34,Transform,
level4,35,Transform,
level4,36,Transform,
level4,37,Transform,
level4,38,Transform,
level4,39,Transform,
level4,40,Transform,
level4,41,Transform,
level4,42,Transform,
level4,43,Transform,
level4,44,Transform,
level4,45,Transform,
level4,46,Transform,
level4,47,Transform,
level4,48,Transform,
level4,49,Transform,
level4,50,Transform,
level4,51,Camera,
level4,52,Camera,
level4,53,OcclusionCullingSettings,
level4,54,Rigidbody,
level4,55,BoxCollider,
level4,56,RenderSettings,
level4,57,HaloManager,
level4,58,LightmapSettings,
level4,59,NavMeshSettings,
level4,60,MonoBehaviour,
level4,61,MonoBehaviour,
level4,62,MonoBehaviour,
level4,63,MonoBehaviour,
level4,64,MonoBehaviour,
level4,65,MonoBehaviour,
level4,66,MonoBehaviour,
level4,67,MonoBehaviour,
level4,68,MonoBehaviour,
level4,69,MonoBehaviour,
level4,70,MonoBehaviour,
level4,71,MonoBehaviour,
level4,72,MonoBehaviour,
level4,73,MonoBehaviour,
level4,74,MonoBehaviour,
level4,75,MonoBehaviour,
level4,76,MonoBehaviour,
level4,77,MonoBehaviour,
level4,78,MonoBehaviour,
level4,79,MonoBehaviour,
level4,80,MonoBehaviour,
level4,81,MonoBehaviour,
level4,82,MonoBehaviour,
level4,83,MonoBehaviour,
level4,84,MonoBehaviour,
level4,85,MonoBehaviour,
level5,1,GameObject,
level5,2,GameObject,
level5,3,GameObject,
level5,4,GameObject,
level5,5,GameObject,
level5,6,GameObject,
level5,7,GameObject,
level5,8,GameObject,
level5,9,GameObject,
level5,10,GameObject,
level5,11,GameObject,
level5,12,GameObject,
level5,13,GameObject,
level5,14,GameObject,
level5,15,GameObject,
level5,16,GameObject,
level5,17,GameObject,
level5,18,GameObject,
level5,19,GameObject,
level5,20,GameObject,
level5,21,GameObject,
level5,22,Transform,
level5,23,Transform,
level5,24,Transform,
level5,25,Transform,
level5,26,Transform,
level5,27,Transform,
level5,28,Transform,
level5,29,Transform,
level5,30,Transform,
level5,31,Transform,
level5,32,Transform,
level5,33,Transform,
level5,34,Transform,
level5,35,Transform,
level5,36,Transform,
level5,37,Transform,
level5,38,Transform,
level5,39,Transform,
level5,40,Transform,
level5,41,Transform,
level5,42,Transform,
level5,43,Camera,
level5,44,OcclusionCullingSettings,
level5,45,Rigidbody,
level5,46,BoxCollider,
level5,47,BoxCollider,
level5,48,BoxCollider,
level5,49,BoxCollider,
level5,50,BoxCollider,
level5,51,RenderSettings,
level5,52,HaloManager,
level5,53,LightmapSettings,
level5,54,NavMeshSettings,
level5,55,MonoBehaviour,
level5,56,MonoBehaviour,
level5,57,MonoBehaviour,
level5,58,MonoBehaviour,
level5,59,MonoBehaviour,
level5,60,MonoBehaviour,
level5,61,MonoBehaviour,
level5,62,MonoBehaviour,
level5,63,MonoBehaviour,
level5,64,MonoBehaviour,
level5,65,MonoBehaviour,
level5,66,MonoBehaviour,
level5,67,MonoBehaviour,
level5,68,MonoBehaviour,
level5,69,MonoBehaviour,
level5,70,MonoBehaviour,
level5,71,MonoBehaviour,
level5,72,MonoBehaviour,
level5,73,MonoBehaviour,
level5,74,MonoBehaviour,
level5,75,MonoBehaviour,
level5,76,MonoBehaviour,
level5,77,MonoBehaviour,
level5,78,MonoBehaviour,
level5,79,MonoBehaviour,
level5,80,MonoBehaviour,
level5,81,MonoBehaviour,
level6,1,GameObject,
level6,2,GameObject,
level6,3,GameObject,
level6,4,GameObject,
level6,5,GameObject,
level6,6,GameObject,
level6,7,GameObject,
level6,8,GameObject,
level6,9,GameObject,
level6,10,GameObject,
level6,11,GameObject,
level6,12,GameObject,
level6,13,GameObject,
level6,14,GameObject,
level6,15,GameObject,
level6,16,GameObject,
level6,17,GameObject,
level6,18,GameObject,
level6,19,GameObject,
level6,20,GameObject,
level6,21,GameObject,
level6,22,GameObject,
level6,23,GameObject,
level6,24,GameObject,
level6,25,Transform,
level6,26,Transform,
level6,27,Transform,
level6,28,Transform,
level6,29,Transform,
level6,30,Transform,
level6,31,Transform,
level6,32,Transform,
level6,33,Transform,
level6,34,Transform,
level6,35,Transform,
level6,36,Transform,
level6,37,Transform,
level6,38,Transform,
level6,39,Transform,
level6,40,Transform,
level6,41,Transform,
level6,42,Transform,
level6,43,Transform,
level6,44,Transform,
level6,45,Transform,
level6,46,Transform,
level6,47,Transform,
level6,48,Transform,
level6,49,Camera,
level6,50,OcclusionCullingSettings,
level6,51,Rigidbody,
level6,52,BoxCollider,
level6,53,BoxCollider,
level6,54,BoxCollider,
level6,55,BoxCollider,
level6,56,BoxCollider,
level6,57,BoxCollider,
level6,58,RenderSettings,
level6,59,HaloManager,
level6,60,LightmapSettings,
level6,61,NavMeshSettings,
level6,62,MonoBehaviour,
level6,63,MonoBehaviour,
level6,64,MonoBehaviour,
level6,65,MonoBehaviour,
level6,66,MonoBehaviour,
level6,67,MonoBehaviour,
level6,68,MonoBehaviour,
level6,69,MonoBehaviour,
level6,70,MonoBehaviour,
level6,71,MonoBehaviour,
level6,72,MonoBehaviour,
level6,73,MonoBehaviour,
level6,74,MonoBehaviour,
level6,75,MonoBehaviour,
level6,76,MonoBehaviour,
level6,77,MonoBehaviour,
level6,78,MonoBehaviour,
level6,79,MonoBehaviour,
level6,80,MonoBehaviour,
level6,81,MonoBehaviour,
level6,82,MonoBehaviour,
level6,83,MonoBehaviour,
level6,84,MonoBehaviour,
level6,85,MonoBehaviour,
level6,86,MonoBehaviour,
level6,87,MonoBehaviour,
level6,88,MonoBehaviour,
level6,89,MonoBehaviour,
level6,90,MonoBehaviour,
level6,91,MonoBehaviour,
level6,92,MonoBehaviour,
level6,93,MonoBehaviour,
level7,1,GameObject,
level7,2,GameObject,
level7,3,GameObject,
level7,4,GameObject,
level7,5,GameObject,
level7,6,GameObject,
level7,7,GameObject,
level7,8,GameObject,
level7,9,GameObject,
level7,10,GameObject,
level7,11,GameObject,
level7,12,Transform,
level7,13,Transform,
level7,14,Transform,
level7,15,Transform,
level7,16,Transform,
level7,17,Transform,
level7,18,Transform,
level7,19,Transform,
level7,20,Transform,
level7,21,Transform,
level7,22,Transform,
level7,23,Camera,
level7,24,OcclusionCullingSettings,
level7,25,Rigidbody,
level7,26,BoxCollider,
level7,27,BoxCollider,
level7,28,RenderSettings,
level7,29,HaloManager,
level7,30,LightmapSettings,
level7,31,NavMeshSettings,
level7,32,MonoBehaviour,
level7,33,MonoBehaviour,
level7,34,MonoBehaviour,
level7,35,MonoBehaviour,
level7,36,MonoBehaviour,
level7,37,MonoBehaviour,
level7,38,MonoBehaviour,
level7,39,MonoBehaviour,
level7,40,MonoBehaviour,
level7,41,MonoBehaviour,
level7,42,MonoBehaviour,
level8,1,GameObject,
level8,2,GameObject,
level8,3,GameObject,
level8,4,GameObject,
level8,5,GameObject,
level8,6,GameObject,
level8,7,GameObject,
level8,8,GameObject,
level8,9,GameObject,
level8,10,GameObject,
level8,11,GameObject,
level8,12,GameObject,
level8,13,GameObject,
level8,14,GameObject,
level8,15,GameObject,
level8,16,Transform,
level8,17,Transform,
level8,18,Transform,
level8,19,Transform,
level8,20,Transform,
level8,21,Transform,
level8,22,Transform,
level8,23,Transform,
level8,24,Transform,
level8,25,Transform,
level8,26,Transform,
level8,27,Transform,
level8,28,Transform,
level8,29,Transform,
level8,30,Transform,
level8,31,Camera,
level8,32,OcclusionCullingSettings,
level8,33,BoxCollider,
level8,34,BoxCollider,
level8,35,BoxCollider,
level8,36,RenderSettings,
level8,37,HaloManager,
level8,38,LightmapSettings,
level8,39,NavMeshSettings,
level8,40,MonoBehaviour,
level8,41,MonoBehaviour,
level8,42,MonoBehaviour,
level8,43,MonoBehaviour,
level8,44,MonoBehaviour,
level8,45,MonoBehaviour,
level8,46,MonoBehaviour,
level8,47,MonoBehaviour,
level8,48,MonoBehaviour,
level8,49,MonoBehaviour,
level8,50,MonoBehaviour,
level8,51,MonoBehaviour,
level8,52,MonoBehaviour,
level8,53,MonoBehaviour,
level8,54,MonoBehaviour,
level8,55,MonoBehaviour,
level8,56,MonoBehaviour,
level9,1,GameObject,
level9,2,GameObject,
level9,3,GameObject,
level9,4,GameObject,
level9,5,GameObject,
level9,6,GameObject,
level9,7,GameObject,
level9,8,GameObject,
level9,9,GameObject,
level9,10,GameObject,
level9,11,GameObject,
level9,12,GameObject,
level9,13,GameObject,
level9,14,GameObject,
level9,15,GameObject,
level9,16,GameObject,
level9,17,GameObject,
level9,18,Transform,
level9,19,Transform,
level9,20,Transform,
level9,21,Transform,
level9,22,Transform,
level9,23,Transform,
level9,24,Transform,
level9,25,Transform,
level9,26,Transform,
level9,27,Transform,
level9,28,Transform,
level9,29,Transform,
level9,30,Transform,
level9,31,Transform,
level9,32,Transform,
level9,33,Transform,
level9,34,Transform,
level9,35,Camera,
level9,36,OcclusionCullingSettings,
level9,37,Rigidbody,
level9,38,BoxCollider,
level9,39,BoxCollider,
level9,40,BoxCollider,
level9,41,RenderSettings,
level9,42,HaloManager,
level9,43,LightmapSettings,
level9,44,NavMeshSettings,
level9,45,MonoBehaviour,
level9,46,MonoBehaviour,
level9,47,MonoBehaviour,
level9,48,MonoBehaviour,
level9,49,MonoBehaviour,
level9,50,MonoBehaviour,
level9,51,MonoBehaviour,
level9,52,MonoBehaviour,
level9,53,MonoBehaviour,
level9,54,MonoBehaviour,
level9,55,MonoBehaviour,
level9,56,MonoBehaviour,
level9,57,MonoBehaviour,
level9,58,MonoBehaviour,
level9,59,MonoBehaviour,
level9,60,MonoBehaviour,
level9,61,MonoBehaviour,
level9,62,MonoBehaviour,
